A;B;shapetime;ms;gar;interval;parson
deut4398;deut4398;6,5514;1;1;1;1
deut4398;deut4400;0,04099355;0,6590038314;0,5769642857;0,2783505155;0,5360824742
deut4398;deut4412;-0,06672953;0,4474329502;0,5696;0,3235294118;0,5441176471
deut4398;deut4424;-0,08230619;0,1999233716;0,3165333333;0,2647058824;0,3676470588
deut4398;deut4429;-0,05909612;0,4453639847;0,4569333333;0,2794117647;0,4117647059
deut4398;deut4430;-0,02858759;0,1513793103;0,2854666667;0,2794117647;0,4117647059
deut4398;deut4437;0,16341157;0,4065517241;0,6079333333;0,4117647059;0,6176470588
deut4398;deut4456;-0,0696437;0,1922605364;0,2690666667;0,2941176471;0,4117647059
deut4398;deut4472;0,1160256;0,2503831418;0,4555333333;0,3529411765;0,5147058824
deut4398;deut4491;-0,08898261;0,392183908;0,5610666667;0,2794117647;0,5
deut4399;deut4399;6,5514;1;1;1;1
deut4399;deut4400;-0,02956989;0,5166940339;0,49625;0,2783505155;0,587628866
deut4399;deut4417;-0,01865906;0,1619398634;0,328134058;0,2272727273;0,4545454545
deut4399;deut4431;0,01783218;0,5853687739;0,4139583333;0,3230769231;0,4615384615
deut4399;deut4440;0,0034037;0,5948503923;0,3900793651;0,2615384615;0,5538461538
deut4399;deut4445;-0,02150538;0,374401341;0,36875;0,2763157895;0,5131578947
deut4399;deut4463;-0,03030303;0,2941810345;0,2886458333;0,2769230769;0,5692307692
deut4399;deut4476;-0,03100775;0,5767780172;0,2847916667;0,3076923077;0,5692307692
deut4399;deut4481;-0,01058983;0,5978687739;0,3806805556;0,2566371681;0,5044247788
deut4399;deut4483;-0,02134723;0,2886833493;0,4497916667;0,2567567568;0,5945945946
deut4400;deut4398;0,04099355;0,6590038314;0,5769642857;0,2783505155;0,5360824742
deut4400;deut4400;6,5514;1;1;1;1
deut4400;deut4403;0,11841437;0,2763067871;0,3680357143;0,2164948454;0,2680412371
deut4400;deut4425;-0,01893939;0,3527298851;0,3436904762;0,2680412371;0,412371134
deut4400;deut4431;-0,01690327;0,4106116585;0,4532738095;0,2371134021;0,3195876289
deut4400;deut4440;-0,00907768;0,6004720854;0,4830357143;0,3505154639;0,4948453608
deut4400;deut4452;-0,01772366;0,2754515599;0,4327380952;0,1649484536;0,3917525773
deut4400;deut4454;-0,01276232;0,2278325123;0,2873214286;0,2164948454;0,3092783505
deut4400;deut4463;0,04584394;0,1976087849;0,3217261905;0,2989690722;0,4536082474
deut4400;deut4476;-0,01162791;0,4377052545;0,4438690476;0,2886597938;0,4536082474
deut4401;deut4401;6,5514;1;1;1;1
deut4401;deut4407;0,15204584;0,2561844078;0,4203804348;0,2527472527;0,2747252747
deut4401;deut4416;0,18917049;0,420677682;0,4120833333;0,3043478261;0,3623188406
deut4401;deut4421;0,37448076;0,5492546695;0,34171875;0,28;0,52
deut4401;deut4437;0,57864927;0,5728268678;0,52640625;0,3703703704;0,4259259259
deut4401;deut4439;0,27288076;0,1060914118;0,2286084906;0,2380952381;0,2976190476
deut4401;deut4458;0,30846959;0,4311542146;0,4478125;0,2835820896;0,328358209
deut4401;deut4471;0,29779091;0,3521072797;0,3304166667;0,2444444444;0,2777777778
deut4401;deut4477;0,1164057;0,4580938697;0,5461458333;0,3617021277;0,4680851064
deut4401;deut4482;-0,01913202;0,599137931;0,4588333333;0,3863636364;0,5
deut4402;deut4400;-0,03510326;0,3612137384;0,4833333333;0,2783505155;0,4845360825
deut4402;deut4402;6,5514;1;1;1;1
deut4402;deut4423;-0,04299027;0,3077298851;0,41205;0,3214285714;0,5238095238
deut4402;deut4427;-0,03718325;0,373389063;0,3368181818;0,1891891892;0,5405405405
deut4402;deut4445;-0,02905569;0,4991292233;0,396969697;0,2894736842;0,5526315789
deut4402;deut4457;-0,04608054;0,3265385536;0,4591666667;0,3010752688;0,5376344086
deut4402;deut4458;-0,0518458;0,5164930556;0,3647916667;0,223880597;0,552238806
deut4402;deut4459;-0,04470574;0,2558429119;0,4439583333;0,24;0,6
deut4402;deut4467;-0,0356939;0,5560943487;0,5205208333;0,25;0,5833333333
deut4402;deut4483;-0,05357143;0,2024764527;0,4272569444;0,2432432432;0,5405405405
deut4403;deut4400;0,11841437;0,2763067871;0,3680357143;0,2164948454;0,2680412371
deut4403;deut4402;-0,09903421;0,5305207245;0,2468181818;0,2542372881;0,4406779661
deut4403;deut4403;6,5514;1;1;1;1
deut4403;deut4418;-0,02061124;0,4045338442;0,4911111111;0,2045454545;0,4772727273
deut4403;deut4434;-0,04556623;0,3093869732;0,3511805556;0,2209302326;0,3023255814
deut4403;deut4452;-0,10353724;0,6093151341;0,3989583333;0,2820512821;0,5897435897
deut4403;deut4457;0,03125239;0,2312919061;0,3335416667;0,2043010753;0,2795698925
deut4403;deut4467;-0,10369598;0,4333991858;0,355;0,25;0,4166666667
deut4403;deut4495;-0,05395383;0,4621865204;0,3855681818;0,25;0,525
deut4403;deut4497;-0,08425603;0,5906070402;0,46265625;0,2631578947;0,5263157895
deut4404;deut4398;0,06468782;0,4046360153;0,5015333333;0,2794117647;0,3970588235
deut4404;deut4404;6,5514;1;1;1;1
deut4404;deut4408;-0,02694597;0,4155092593;0,4848611111;0,2586206897;0,4310344828
deut4404;deut4414;0,06183533;0,4974137931;0,4741666667;0,3;0,45
deut4404;deut4419;-0,00560421;0,5540229885;0,409375;0,2698412698;0,4126984127
deut4404;deut4420;-0,00560421;0,5451867816;0,41825;0,265625;0,40625
deut4404;deut4433;0,07781667;0,3661548132;0,45484375;0,2931034483;0,4482758621
deut4404;deut4438;0,08961311;0,2634760206;0,4171982759;0,2692307692;0,4423076923
deut4404;deut4472;-0,03424877;0,4646641523;0,4209375;0,358974359;0,5641025641
deut4404;deut4473;0,04002001;0,6023108238;0,520625;0,38;0,48
deut4405;deut4405;6,5514;1;1;1;1
deut4405;deut4409;-0,07343951;0,1141674229;0,3375986842;0,296875;0,421875
deut4405;deut4426;-0,0311054;0,5376642036;0,3603571429;0,3333333333;0,5416666667
deut4405;deut4444;-0,07343951;0,1800167625;0,2947916667;0,2307692308;0,3461538462
deut4405;deut4447;-0,07343951;0,2621677443;0,487421875;0,2419354839;0,435483871
deut4405;deut4464;-0,07343951;0,4502514368;0,32375;0,2142857143;0,3714285714
deut4405;deut4472;-0,06162431;0,5772988506;0,20925;0,2564102564;0,5384615385
deut4405;deut4475;-0,03128536;0,1305226293;0,2555859375;0,2282608696;0,3152173913
deut4405;deut4478;0,39734525;0,6325431034;0,3635;0,4117647059;0,5882352941
deut4405;deut4480;0,11939002;0,0571703169;0,2797466216;0,2040816327;0,306122449
deut4406;deut4401;-0,059269;0,329699121;0,4088235294;0,4473684211;0,5526315789
deut4406;deut4406;6,5514;1;1;1;1
deut4406;deut4428;-0,08442302;0,3090982082;0,3791911765;0,425;0,6
deut4406;deut4443;0,16217074;0,3767325896;0,4503676471;0,2978723404;0,5106382979
deut4406;deut4453;0,05796474;0,2608392495;0,3676470588;0,3421052632;0,5
deut4406;deut4459;0,12956107;0,4960249042;0,555875;0,32;0,48
deut4406;deut4471;-0,0372548;0,5438218391;0,4227205882;0,3111111111;0,4111111111
deut4406;deut4473;0,08815883;0,5724095673;0,4908823529;0,44;0,54
deut4406;deut4477;-0,02491041;0,584474307;0,4449264706;0,4042553191;0,6170212766
deut4406;deut4482;0,03503449;0,3862407032;0,4275;0,4090909091;0,5681818182
deut4407;deut4401;0,15204584;0,2561844078;0,4203804348;0,2527472527;0,2747252747
deut4407;deut4407;6,5514;1;1;1;1
deut4407;deut4421;0,17368555;0,3271333083;0,38625;0,2087912088;0,2747252747
deut4407;deut4436;-0,03548834;0,325962019;0,470326087;0,2417582418;0,3406593407
deut4407;deut4453;-0,02214282;0,2095827086;0,35875;0,2197802198;0,3186813187
deut4407;deut4454;-0,00047548;0,2119252874;0,3748369565;0,2197802198;0,3076923077
deut4407;deut4458;0,11644444;0,4729666417;0,4935326087;0,3406593407;0,5934065934
deut4407;deut4459;0,05922187;0,6127514368;0,5563333333;0,3296703297;0,5604395604
deut4407;deut4460;0,02308508;0,6171601699;0,5033152174;0,2857142857;0,5274725275
deut4407;deut4461;0,04053067;0,5935632184;0,4312;0,2721893491;0,4674556213
deut4408;deut4399;0,01419551;0,5723778736;0,4233333333;0,2461538462;0,6153846154
deut4408;deut4400;-0,01800354;0,6444649699;0,46125;0,1958762887;0,5567010309
deut4408;deut4408;6,5514;1;1;1;1
deut4408;deut4414;0,00940242;0,6842472861;0,5158333333;0,1333333333;0,5333333333
deut4408;deut4417;-0,00979214;0,2507183908;0,4408514493;0,1893939394;0,4166666667
deut4408;deut4419;0,01526078;0,4807231801;0,5030555556;0,2063492063;0,6031746032
deut4408;deut4420;0,01526078;0,4742377075;0,4842361111;0,21875;0,59375
deut4408;deut4445;-0,00979214;0,2869372605;0,4191666667;0,2368421053;0,4605263158
deut4408;deut4481;-0,02102853;0,5934307152;0,4046759259;0,203539823;0,4690265487
deut4408;deut4483;-0,00979214;0,4326907727;0,5039236111;0,2567567568;0,5675675676
deut4409;deut4409;6,5514;1;1;1;1
deut4409;deut4417;0,14325536;0,5283399967;0,5622463768;0,3181818182;0,4393939394
deut4409;deut4424;0,44328788;0,1033726558;0,2241447368;0,296875;0,390625
deut4409;deut4438;0,09354698;0,6901372505;0,6460855263;0,359375;0,625
deut4409;deut4449;0,04894322;0,5453247883;0,4720394737;0,2916666667;0,475
deut4409;deut4450;0,04689072;0,5401259074;0,481875;0,3181818182;0,5272727273
deut4409;deut4455;-0,04195563;0,5353145796;0,6753618421;0,28125;0,4375
deut4409;deut4456;0,29307436;0,0998279643;0,2679934211;0,28125;0,40625
deut4409;deut4463;0,19741212;0,108968542;0,3617105263;0,3125;0,578125
deut4409;deut4476;0,04783404;0,2475612523;0,4945394737;0,296875;0,53125
deut4410;deut4399;0,01072808;0,5422527223;0,5361842105;0,2307692308;0,5538461538
deut4410;deut4410;6,5514;1;1;1;1
deut4410;deut4417;-0,01536708;0,2639097118;0,4393297101;0,2121212121;0,4015151515
deut4410;deut4440;0,04401867;0,6845508167;0,5236842105;0,2280701754;0,5087719298
deut4410;deut4445;-0,01536708;0,2704174229;0,4303289474;0,25;0,4868421053
deut4410;deut4446;0,06446458;0,3770984574;0,5561184211;0,3214285714;0,5357142857
deut4410;deut4451;-0,0019911;0,5625756201;0,6118421053;0,3571428571;0,5892857143
deut4410;deut4466;0,0687651;0,2634328516;0,4847058824;0,3;0,48
deut4410;deut4483;-0,01536708;0,4649185824;0,5653125;0,2567567568;0,527027027
deut4410;deut4486;0,02501373;0,3391182698;0,4942105263;0,2678571429;0,5357142857
deut4411;deut4409;0,15386942;0,152695856;0,3380592105;0,15625;0,375
deut4411;deut4411;6,5514;1;1;1;1
deut4411;deut4416;0,18599695;0,4431273946;0,3439583333;0,1594202899;0,347826087
deut4411;deut4422;0,09686984;0,4670737548;0,4921875;0,125;0,525
deut4411;deut4424;0,06684762;0,6008141762;0,3475;0,12;0,4
deut4411;deut4429;0,19559052;0,545561101;0,4089473684;0,1785714286;0,5714285714
deut4411;deut4437;0,16817237;0,5468301006;0,31359375;0,1481481481;0,4259259259
deut4411;deut4447;0,06447271;0,3604076868;0,455625;0,1451612903;0,3709677419
deut4411;deut4456;0,12673726;0,5170019157;0,2510416667;0,1724137931;0,5172413793
deut4411;deut4464;0,09943567;0,5681573276;0,3309375;0,1571428571;0,3428571429
deut4412;deut4398;-0,06672953;0,4474329502;0,5696;0,3235294118;0,5441176471
deut4412;deut4404;-0,13206232;0,5843710089;0,5329166667;0,2708333333;0,5625
deut4412;deut4412;6,5514;1;1;1;1
deut4412;deut4426;-0,0635276;0,6391682631;0,4045833333;0,2916666667;0,6041666667
deut4412;deut4429;0,11368696;0,5862447066;0,2464473684;0,3333333333;0,5833333333
deut4412;deut4430;0,08317843;0,3004869093;0,4311111111;0,3333333333;0,5833333333
deut4412;deut4437;-0,04130577;0,5990181992;0,5402777778;0,3148148148;0,6111111111
deut4412;deut4446;-0,07757458;0,5650143678;0,4377777778;0,3125;0,6041666667
deut4412;deut4472;-0,0781153;0,4301564496;0,4331944444;0,3125;0,6875
deut4412;deut4491;0,09991221;0,5940293742;0,4351388889;0,3125;0,6041666667
deut4413;deut4409;-0,04148354;0,2065940714;0,3455592105;0,296875;0,671875
deut4413;deut4413;6,5514;1;1;1;1
deut4413;deut4416;-0,05366899;0,5316091954;0,2722916667;0,2753623188;0,5652173913
deut4413;deut4434;-0,0693352;0,4251676245;0,3511111111;0,2790697674;0,5581395349
deut4413;deut4439;-0,01809972;0,1511738235;0,3488443396;0,369047619;0,5476190476
deut4413;deut4464;-0,04804783;0,5325670498;0,3165277778;0,2285714286;0,5857142857
deut4413;deut4470;-0,01029056;0,3110233078;0,3266666667;0,3389830508;0,593220339
deut4413;deut4474;-0,04952438;0,6220922277;0,3013095238;0,2881355932;0,4745762712
deut4413;deut4475;0,02712258;0,2489785381;0,3190234375;0,2826086957;0,4456521739
deut4413;deut4479;-0,08468083;0,4908764368;0,3479166667;0,2596153846;0,5096153846
deut4414;deut4414;6,5514;1;1;1;1
deut4414;deut4419;0,11310633;0,5385536398;0,471;0,3015873016;0,5555555556
deut4414;deut4420;0,11310633;0,5241858238;0,48725;0,28125;0,5625
deut4414;deut4424;0,14652411;0,2570881226;0,2913333333;0,3;0,3833333333
deut4414;deut4438;0,24713014;0,4745095125;0,4672844828;0,3833333333;0,6
deut4414;deut4449;0,25773542;0,545677682;0,4650520833;0,3416666667;0,475
deut4414;deut4455;0,13351433;0,568621939;0,52125;0,3333333333;0,4833333333
deut4414;deut4456;0,12398194;0,2331417625;0,26375;0,2833333333;0,45
deut4414;deut4465;0,0832333;0,3838601533;0,3758333333;0,3414634146;0,5487804878
deut4414;deut4475;0,07160671;0,4221668463;0,3663671875;0,3804347826;0,4891304348
deut4415;deut4414;-0,01808426;0,2212643678;0,3694166667;0,3833333333;0,5833333333
deut4415;deut4415;6,5514;1;1;1;1
deut4415;deut4438;-0,01808426;0,1119698771;0,3534051724;0,3653846154;0,5576923077
deut4415;deut4448;-0,01686015;0,1641522989;0,29040625;0,2613636364;0,4659090909
deut4415;deut4449;-0,02075375;0,1405352011;0,2296354167;0,2333333333;0,3583333333
deut4415;deut4457;0,05160581;0,1412835249;0,3203385417;0,2903225806;0,4193548387
deut4415;deut4465;-0,01808426;0,3485677796;0,3123809524;0,2804878049;0,487804878
deut4415;deut4468;0,19141374;0,3735632184;0,3807051282;0,2765957447;0,5957446809
deut4415;deut4469;0,05640951;0,4159748829;0,2922222222;0,2898550725;0,5217391304
deut4415;deut4475;-0,01808426;0,0992277299;0,2360546875;0,2391304348;0,3695652174
deut4416;deut4401;0,18917049;0,420677682;0,4120833333;0,3043478261;0,3623188406
deut4416;deut4416;6,5514;1;1;1;1
deut4416;deut4424;0,67808093;0,3034003831;0,2154166667;0,2463768116;0,3623188406
deut4416;deut4438;0,15681822;0,3611523979;0,4209051724;0,3623188406;0,6086956522
deut4416;deut4439;0,47940861;0,2003225981;0,3714150943;0,3571428571;0,5714285714
deut4416;deut4443;0,12565656;0,5067648467;0,5409375;0,3188405797;0,5362318841
deut4416;deut4458;0,15106376;0,636404454;0,2119791667;0,2463768116;0,5652173913
deut4416;deut4477;0,12947686;0,5947377874;0,4745833333;0,347826087;0,5362318841
deut4416;deut4482;0,2516039;0,5045797414;0,4103125;0,3623188406;0,5797101449
deut4416;deut4495;0,29855362;0,6216774425;0,3227083333;0,3768115942;0,5217391304
deut4417;deut4417;6,5514;1;1;1;1
deut4417;deut4424;0,9483562;0,0566695819;0,1520652174;0,1666666667;0,1893939394
deut4417;deut4431;0,14847208;0,1270510578;0,3055072464;0,2121212121;0,2424242424
deut4417;deut4438;0,167635;0,4117003998;0,5239130435;0,2727272727;0,3863636364
deut4417;deut4445;0,05301304;0,0804493587;0,2965942029;0,3636363636;0,4924242424
deut4417;deut4452;-0,00462963;0,0801890721;0,226557971;0,2121212121;0,2954545455
deut4417;deut4454;-0,01190476;0,0698609029;0,1886594203;0,1893939394;0,2348484848
deut4417;deut4463;0,20348333;0,0610528069;0,2376086957;0,2878787879;0,3939393939
deut4417;deut4476;0,07536427;0,1384203731;0,3082971014;0,2575757576;0,3484848485
deut4417;deut4483;0,10264856;0,3923767283;0,5651268116;0,3484848485;0,5303030303
deut4418;deut4418;6,5514;1;1;1;1
deut4418;deut4434;-0,05790931;0,6143039591;0,4825694444;0,3255813953;0,4302325581
deut4418;deut4445;0,2499848;0,2789750958;0,3862037037;0,3947368421;0,5263157895
deut4418;deut4484;0,04591586;0,1969261581;0,4168181818;0,297029703;0,3663366337
deut4418;deut4487;-0,04021722;0,4981375053;0,5990740741;0,25;0,5454545455
deut4418;deut4488;-0,03335086;0,6069604087;0,4506481481;0,2586206897;0,4482758621
deut4418;deut4493;-0,03335086;0,6255853555;0,5192592593;0,2037037037;0,3703703704
deut4418;deut4494;-0,03335086;0,5869518944;0,5862037037;0,2413793103;0,4655172414
deut4418;deut4498;-0,03335086;0,602304172;0,4346296296;0,2413793103;0,4137931034
deut4418;deut4499;-0,02562332;0,4942528736;0,5847222222;0,25;0,5
deut4419;deut4414;0,11310633;0,5385536398;0,471;0,3015873016;0,5555555556
deut4419;deut4419;6,5514;1;1;1;1
deut4419;deut4420;5,71527146;0,9883261494;0,956125;0,9375;0,96875
deut4419;deut4424;0,18382144;0,3730603448;0,346;0,2698412698;0,3333333333
deut4419;deut4438;0,19217048;0,3005722354;0,3959051724;0,3492063492;0,5714285714
deut4419;deut4449;0,11872222;0,3710189176;0,465625;0,25;0,4333333333
deut4419;deut4450;0,05896851;0,378876317;0,4496354167;0,2909090909;0,5363636364
deut4419;deut4455;0,12990733;0,3379872564;0,4720108696;0,2857142857;0,4126984127
deut4419;deut4456;0,15554122;0,3362428161;0,267125;0,3174603175;0,4285714286
deut4419;deut4465;0,04912504;0,4408405172;0,392375;0,3292682927;0,5731707317
deut4420;deut4414;0,11310633;0,5241858238;0,48725;0,28125;0,5625
deut4420;deut4419;5,71527146;0,9883261494;0,956125;0,9375;0,96875
deut4420;deut4420;6,5514;1;1;1;1
deut4420;deut4424;0,18382144;0,3694683908;0,331875;0,265625;0,328125
deut4420;deut4438;0,19217048;0,2952833928;0,4126724138;0,34375;0,5625
deut4420;deut4449;0,11677595;0,3657806513;0,46359375;0,25;0,45
deut4420;deut4450;0,05800182;0,3755088602;0,4633854167;0,2909090909;0,5454545455
deut4420;deut4455;0,12990733;0,3317716142;0,4794021739;0,265625;0,40625
deut4420;deut4456;0,15554122;0,3362428161;0,273625;0,3125;0,421875
deut4420;deut4465;0,04831971;0,4452586207;0,381625;0,3292682927;0,5853658537
deut4421;deut4401;0,37448076;0,5492546695;0,34171875;0,28;0,52
deut4421;deut4407;0,17368555;0,3271333083;0,38625;0,2087912088;0,2747252747
deut4421;deut4421;6,5514;1;1;1;1
deut4421;deut4443;1,11306485;0,5687410201;0,33296875;0,3617021277;0,5319148936
deut4421;deut4453;0,37152701;0,5239762931;0,32765625;0,3103448276;0,5862068966
deut4421;deut4458;0,08482661;0,4833273467;0,4363541667;0,2835820896;0,3731343284
deut4421;deut4459;-0,07087526;0,2588840996;0,3189166667;0,2533333333;0,3333333333
deut4421;deut4471;0,42891515;0,4333572797;0,2896666667;0,1777777778;0,2777777778
deut4421;deut4477;0,10953639;0,5716295498;0,3546875;0,3617021277;0,4893617021
deut4421;deut4482;0,06896891;0,6148527299;0,28046875;0,2727272727;0,4772727273
deut4422;deut4409;0,04512549;0,2954665759;0,4973684211;0,296875;0,53125
deut4422;deut4416;0,07462463;0,6047353927;0,3966666667;0,2463768116;0,5072463768
deut4422;deut4422;6,5514;1;1;1;1
deut4422;deut4428;0,04952353;0,4378891284;0,4713541667;0,3;0,475
deut4422;deut4437;0,05193565;0,5289750958;0,4782291667;0,2962962963;0,5555555556
deut4422;deut4443;0,04024595;0,5134997605;0,5439583333;0,4042553191;0,6382978723
deut4422;deut4464;0,08320684;0,4527658046;0,4297916667;0,1714285714;0,5142857143
deut4422;deut4465;0,09444823;0,4493833812;0,4811458333;0,3048780488;0,4756097561
deut4422;deut4468;0,03536231;0,4678520115;0,4321180556;0,1489361702;0,5957446809
deut4422;deut4491;0,03639967;0,5536697797;0,5657291667;0,225;0,65
deut4423;deut4423;6,5514;1;1;1;1
deut4423;deut4427;0,03099906;0,1678448276;0,240725;0,3333333333;0,5476190476
deut4423;deut4442;-0,02491015;0,267341954;0,46775;0,2619047619;0,4523809524
deut4423;deut4443;0,32246613;0,261566092;0,43435;0,2857142857;0,4642857143
deut4423;deut4444;0,07179644;0,7256752874;0,33165;0,2738095238;0,5238095238
deut4423;deut4454;0,1168412;0,1806034483;0,236;0,2857142857;0,369047619
deut4423;deut4463;0,34581434;0,1591666667;0,25955;0,380952381;0,5238095238
deut4423;deut4465;0,17697094;0,2457327586;0,24635;0,3095238095;0,5238095238
deut4423;deut4477;0,34301819;0,4286350575;0,42495;0,3571428571;0,5357142857
deut4423;deut4482;0,13023829;0,270545977;0,30685;0,2976190476;0,4761904762
deut4424;deut4419;0,18382144;0,3730603448;0,346;0,2698412698;0,3333333333
deut4424;deut4420;0,18382144;0,3694683908;0,331875;0,265625;0,328125
deut4424;deut4424;6,5514;1;1;1;1
deut4424;deut4438;0,54262026;0,1317380103;0,2668965517;0,3269230769;0,4038461538
deut4424;deut4449;0,34938498;0,1651700192;0,2382291667;0,2;0,2083333333
deut4424;deut4450;0,49599621;0,1666666667;0,283125;0,1909090909;0,2272727273
deut4424;deut4456;0,60471515;0,5510057471;0,1021875;0,4482758621;0,6206896552
deut4424;deut4465;0,23976956;0,3896186827;0,2992063492;0,256097561;0,3048780488
deut4424;deut4475;0,21767025;0,118826329;0,20484375;0,1956521739;0,2717391304
deut4424;deut4495;0,65634137;0,3571055381;0,4675;0,3;0,475
deut4425;deut4400;-0,01893939;0,3527298851;0,3436904762;0,2680412371;0,412371134
deut4425;deut4417;-0,00757576;0,1117774446;0,2931702899;0,2651515152;0,3560606061
deut4425;deut4425;6,5514;1;1;1;1
deut4425;deut4440;-0,02272727;0,452631819;0,4173015873;0,350877193;0,5087719298
deut4425;deut4445;-0,00757576;0,381330819;0,2890625;0,3684210526;0,4868421053
deut4425;deut4452;-0,01388889;0,5525323276;0,33984375;0,2765957447;0,5106382979
deut4425;deut4463;0,02780751;0,365077227;0,240859375;0,358490566;0,5660377358
deut4425;deut4472;0,06200016;0,4050826149;0,461875;0,2765957447;0,5106382979
deut4425;deut4476;-0,00775194;0,5524425287;0,4245;0,2978723404;0,5531914894
deut4425;deut4483;0,07326206;0,1982758621;0,4067361111;0,3918918919;0,5540540541
deut4426;deut4412;-0,0635276;0,6391682631;0,4045833333;0,2916666667;0,6041666667
deut4426;deut4423;0,03936786;0,2613218391;0,33375;0,3452380952;0,5238095238
deut4426;deut4425;0,03538327;0,5837823276;0,426875;0,3958333333;0,5416666667
deut4426;deut4426;6,5514;1;1;1;1
deut4426;deut4446;-0,04338699;0,5786637931;0,33953125;0,3541666667;0,5833333333
deut4426;deut4472;0,04961194;0,5068760263;0,5076785714;0,3541666667;0,5208333333
deut4426;deut4477;0,03268682;0,5144875479;0,5544791667;0,3333333333;0,5625
deut4426;deut4482;0,0477631;0,6728927203;0,5853333333;0,4375;0,6041666667
deut4426;deut4483;0,0091732;0,1742397031;0,3636458333;0,3513513514;0,472972973
deut4426;deut4489;-0,02803384;0,6272898707;0,519375;0,3333333333;0,5
deut4427;deut4423;0,03099906;0,1678448276;0,240725;0,3333333333;0,5476190476
deut4427;deut4427;6,5514;1;1;1;1
deut4427;deut4428;0,44064144;0,3511733716;0,2748958333;0,3648648649;0,4864864865
deut4427;deut4431;-0,04763298;0,3768757982;0,4110416667;0,2972972973;0,3918918919
deut4427;deut4442;0,19016261;0,4441570881;0,4168333333;0,3513513514;0,5675675676
deut4427;deut4444;0,06530869;0,1988146552;0,4065364583;0,3076923077;0,5512820513
deut4427;deut4453;0,24405964;0,3466834291;0,3335416667;0,2837837838;0,3783783784
deut4427;deut4454;-0,05104928;0,3111230843;0,2597916667;0,2567567568;0,3918918919
deut4427;deut4474;0,08242059;0,3621373837;0,4279166667;0,2972972973;0,4189189189
deut4427;deut4485;0,0571351;0,3608317369;0,350625;0,2567567568;0,4594594595
deut4428;deut4416;0,34649239;0,3953544061;0,375;0,2898550725;0,5072463768
deut4428;deut4427;0,44064144;0,3511733716;0,2748958333;0,3648648649;0,4864864865
deut4428;deut4428;6,5514;1;1;1;1
deut4428;deut4437;0,67053915;0,5660021552;0,4178125;0,3333333333;0,537037037
deut4428;deut4439;-0,04458198;0,1030416396;0,2720283019;0,3095238095;0,4285714286
deut4428;deut4442;0,05843559;0,572605364;0,4433333333;0,2653061224;0,4693877551
deut4428;deut4443;0,27202789;0,5965517241;0,387;0,2978723404;0,4680851064
deut4428;deut4453;0,37632609;0,5166427203;0,3497916667;0,375;0,525
deut4428;deut4474;0,26176312;0,4696565408;0,3932142857;0,4;0,475
deut4428;deut4477;-0,03126653;0,4221743295;0,49625;0,4042553191;0,5106382979
deut4429;deut4398;-0,05909612;0,4453639847;0,4569333333;0,2794117647;0,4117647059
deut4429;deut4404;-0,0685029;0,5988354507;0,3532894737;0,4642857143;0,6428571429
deut4429;deut4412;0,11368696;0,5862447066;0,2464473684;0,3333333333;0,5833333333
deut4429;deut4425;0,0300303;0,4995840895;0,3222368421;0,2765957447;0,4468085106
deut4429;deut4429;6,5514;1;1;1;1
deut4429;deut4430;3,55403942;0,2496218996;0,3109210526;1;1
deut4429;deut4437;0,129408;0,4909255898;0,1551315789;0,2777777778;0,462962963
deut4429;deut4446;-0,09819153;0,5380369026;0,3902631579;0,4523809524;0,619047619
deut4429;deut4472;-0,05146899;0,3996521476;0,3307894737;0,358974359;0,5897435897
deut4429;deut4491;0,16635687;0,5109271022;0,4771052632;0,4054054054;0,6216216216
deut4430;deut4398;-0,02858759;0,1513793103;0,2854666667;0,2794117647;0,4117647059
deut4430;deut4404;-0,03672319;0,3121408046;0,48953125;0,4642857143;0,6428571429
deut4430;deut4412;0,08317843;0,3004869093;0,4311111111;0,3333333333;0,5833333333
deut4430;deut4425;0,01958057;0,3020384339;0,40546875;0,2765957447;0,4468085106
deut4430;deut4429;3,55403942;0,2496218996;0,3109210526;1;1
deut4430;deut4430;6,5514;1;1;1;1
deut4430;deut4437;-0,04384186;0,3435704023;0,34875;0,2777777778;0,462962963
deut4430;deut4446;-0,0905644;0,3369252874;0,4771875;0,4523809524;0,619047619
deut4430;deut4472;-0,02096046;0,3974856322;0,39825;0,358974359;0,5897435897
deut4430;deut4491;0,12059409;0,332345546;0,4453125;0,4054054054;0,6216216216
deut4431;deut4399;0,01783218;0,5853687739;0,4139583333;0,3230769231;0,4615384615
deut4431;deut4417;0,14847208;0,1270510578;0,3055072464;0,2121212121;0,2424242424
deut4431;deut4431;6,5514;1;1;1;1
deut4431;deut4440;0,33424879;0,5474822113;0,5129365079;0,4385964912;0,5438596491
deut4431;deut4454;0,29653162;0,4956896552;0,3472222222;0,3125;0,5625
deut4431;deut4455;0,0744015;0,3514805097;0,5573913043;0,34375;0,59375
deut4431;deut4456;0,42989181;0,3646232439;0,1744444444;0,4375;0,59375
deut4431;deut4463;0,15621777;0,3762771392;0,3681944444;0,4339622642;0,5094339623
deut4431;deut4476;1,12236542;0,6206896552;0,5415;0,5434782609;0,652173913
deut4431;deut4483;0,04141149;0,2352829662;0,4164583333;0,3513513514;0,4189189189
deut4432;deut4406;0,11051927;0,4251605815;0,4794117647;0,3947368421;0,5789473684
deut4432;deut4432;6,5514;1;1;1;1
deut4432;deut4440;-0,03227942;0,4714468163;0,5399206349;0,3333333333;0,4561403509
deut4432;deut4442;0,03629508;0,6213182471;0,54484375;0,3265306122;0,5102040816
deut4432;deut4472;-0,08748663;0,4793462644;0,5184375;0,3846153846;0,5897435897
deut4432;deut4477;0,18319398;0,5784841954;0,5779166667;0,3404255319;0,5531914894
deut4432;deut4490;-0,04026688;0,5858477011;0,5442708333;0,3148148148;0,4814814815
deut4432;deut4492;-0,04026688;0,5544181034;0,5303125;0,275862069;0,4655172414
deut4432;deut4496;-0,04026688;0,5328364464;0,5015625;0,3035714286;0,4642857143
deut4432;deut4500;-0,04026688;0,6448904454;0,5434375;0,3170731707;0,5609756098
deut4433;deut4433;6,5514;1;1;1;1
deut4433;deut4435;-0,05344323;0,3193845785;0,4536805556;0,2923076923;0,5384615385
deut4433;deut4465;0,05281752;0,4278872469;0,4326984127;0,3048780488;0,5487804878
deut4433;deut4487;-0,05465964;0,427891523;0,5675;0,3103448276;0,5517241379
deut4433;deut4488;-0,05107883;0,3113924808;0,4844791667;0,275862069;0,6551724138
deut4433;deut4489;0,04479219;0,4212015086;0,556640625;0,2586206897;0,5
deut4433;deut4493;-0,05107883;0,3136374521;0,5092708333;0,3275862069;0,6551724138
deut4433;deut4494;-0,04719711;0,304657567;0,510625;0,275862069;0,6379310345
deut4433;deut4498;-0,05107883;0,3054058908;0,50078125;0,2586206897;0,6379310345
deut4433;deut4499;-0,12574695;0,4222790948;0,600625;0,2931034483;0,5517241379
deut4434;deut4403;-0,04556623;0,3093869732;0,3511805556;0,2209302326;0,3023255814
deut4434;deut4422;-0,08408116;0,5903376437;0,4827777778;0,2906976744;0,4418604651
deut4434;deut4434;6,5514;1;1;1;1
deut4434;deut4448;-0,05338306;0,6049928161;0,4309375;0,2159090909;0,5795454545
deut4434;deut4449;-0,00432747;0,5798760776;0,4371354167;0,3166666667;0,4916666667
deut4434;deut4450;-0,05220884;0,6023257902;0,4701041667;0,3;0,5727272727
deut4434;deut4462;-0,07147432;0,559905811;0,455625;0,3255813953;0,5581395349
deut4434;deut4471;0,00438434;0,6028496169;0,3814583333;0,2555555556;0,5555555556
deut4434;deut4475;-0,05220884;0,4749461207;0,4360546875;0,3260869565;0,5434782609
deut4434;deut4479;-0,045436;0,5385536398;0,3519212963;0,2115384615;0,5769230769
deut4435;deut4433;-0,05344323;0,3193845785;0,4536805556;0,2923076923;0,5384615385
deut4435;deut4435;6,5514;1;1;1;1
deut4435;deut4440;-0,00020649;0,5618728334;0,4962962963;0,3846153846;0,5538461538
deut4435;deut4479;-0,02106191;0,553855364;0,27675;0,3173076923;0,5
deut4435;deut4486;-0,06244405;0,4995210728;0,3818055556;0,2923076923;0,4923076923
deut4435;deut4489;-0,08364679;0,5599856322;0,4796527778;0,2307692308;0,4307692308
deut4435;deut4490;-0,04835208;0,6261374521;0,44625;0,2615384615;0,5230769231
deut4435;deut4492;-0,04483557;0,5984494732;0,3913541667;0,2307692308;0,5230769231
deut4435;deut4496;-0,04652748;0,5856980364;0,3813541667;0,2461538462;0,5230769231
deut4435;deut4500;-0,07252813;0,5431932471;0,4214583333;0,3076923077;0,4923076923
deut4436;deut4407;-0,03548834;0,325962019;0,470326087;0,2417582418;0,3406593407
deut4436;deut4436;6,5514;1;1;1;1
deut4436;deut4458;-0,03548834;0,5006585249;0,3936458333;0,2537313433;0,4029850746
deut4436;deut4459;-0,03548834;0,2534961686;0,4402916667;0,2666666667;0,44
deut4436;deut4460;-0,06184324;0,3836206897;0,4847222222;0,2386363636;0,375
deut4436;deut4461;-0,07098765;0,2837212644;0,39075;0,1715976331;0,1952662722
deut4436;deut4474;0,06352242;0,5767309797;0,5102380952;0,2424242424;0,5151515152
deut4436;deut4487;-0,13690648;0,6426454741;0,49765625;0,2702702703;0,5945945946
deut4436;deut4488;-0,13690648;0,5566630747;0,4973958333;0,3448275862;0,4827586207
deut4436;deut4493;-0,13690648;0,5604046935;0,5388541667;0,2592592593;0,462962963
deut4437;deut4398;0,16341157;0,4065517241;0,6079333333;0,4117647059;0,6176470588
deut4437;deut4401;0,57864927;0,5728268678;0,52640625;0,3703703704;0,4259259259
deut4437;deut4429;0,129408;0,4909255898;0,1551315789;0,2777777778;0,462962963
deut4437;deut4430;-0,04384186;0,3435704023;0,34875;0,2777777778;0,462962963
deut4437;deut4437;6,5514;1;1;1;1
deut4437;deut4439;0,13604062;0,1329836261;0,3193160377;0,3571428571;0,5119047619
deut4437;deut4449;0,09688907;0,3086386494;0,3813020833;0,3;0,4416666667
deut4437;deut4452;2,32383501;0,6380208333;0,693125;0,4814814815;0,6111111111
deut4437;deut4472;0,09483913;0,452496408;0,36796875;0,3148148148;0,5555555556
deut4437;deut4491;-0,07710213;0,6259877874;0,35734375;0,2592592593;0,5185185185
deut4438;deut4414;0,24713014;0,4745095125;0,4672844828;0,3833333333;0,6
deut4438;deut4419;0,19217048;0,3005722354;0,3959051724;0,3492063492;0,5714285714
deut4438;deut4420;0,19217048;0,2952833928;0,4126724138;0,34375;0,5625
deut4438;deut4424;0,54262026;0,1317380103;0,2668965517;0,3269230769;0,4038461538
deut4438;deut4438;6,5514;1;1;1;1
deut4438;deut4449;0,22288875;0,6204295482;0,3447844828;0,2666666667;0,4166666667
deut4438;deut4450;0,22335725;0,6380796671;0,4232327586;0,3272727273;0,4636363636
deut4438;deut4455;0,13351433;0,6676947087;0,7293534483;0,3846153846;0,5192307692
deut4438;deut4456;0,23531034;0,1323573127;0,3028448276;0,3461538462;0,5
deut4438;deut4495;0,41732493;0,3625891795;0,441637931;0,3846153846;0,6153846154
deut4439;deut4401;0,27288076;0,1060914118;0,2286084906;0,2380952381;0,2976190476
deut4439;deut4416;0,47940861;0,2003225981;0,3714150943;0,3571428571;0,5714285714
deut4439;deut4437;0,13604062;0,1329836261;0,3193160377;0,3571428571;0,5119047619
deut4439;deut4439;6,5514;1;1;1;1
deut4439;deut4443;0,32137372;0,125921709;0,3203537736;0,2976190476;0,4642857143
deut4439;deut4452;0,10151346;0,0972809586;0,2724764151;0,2738095238;0,4285714286
deut4439;deut4473;0,131265;0,2076081653;0,4087028302;0,380952381;0,5238095238
deut4439;deut4477;0,09982337;0,2060832791;0,3837264151;0,3928571429;0,4880952381
deut4439;deut4479;-0,02392414;0,2310304164;0,457240566;0,3076923077;0,5288461538
deut4439;deut4482;0,32323146;0,1303269356;0,3062735849;0,4166666667;0,5
deut4440;deut4414;0,15590741;0,740831965;0,5787301587;0,3666666667;0,6333333333
deut4440;deut4419;0,04897101;0,5095329319;0,5127777778;0,3174603175;0,5555555556
deut4440;deut4420;0,04897101;0,5015508119;0,5181746032;0,3125;0,546875
deut4440;deut4425;-0,02272727;0,452631819;0,4173015873;0,350877193;0,5087719298
deut4440;deut4431;0,33424879;0,5474822113;0,5129365079;0,4385964912;0,5438596491
deut4440;deut4440;6,5514;1;1;1;1
deut4440;deut4452;-0,02314815;0,3421820836;0,4622222222;0,2631578947;0,5087719298
deut4440;deut4454;-0,03018246;0,2986453202;0,4064285714;0,3157894737;0,4385964912
deut4440;deut4463;-0,01492867;0,2463738369;0,3726984127;0,3684210526;0,5789473684
deut4440;deut4476;-0,01550388;0,5408456486;0,4535714286;0,4385964912;0,5964912281
deut4441;deut4415;-0,03453741;0,3789511494;0,324609375;0,3023255814;0,6511627907
deut4441;deut4441;6,5514;1;1;1;1
deut4441;deut4455;0,04714011;0,3013649425;0,5001630435;0,35;0,55
deut4441;deut4456;0,47393522;0,4281609195;0,2771875;0,375;0,55
deut4441;deut4460;-0,0514043;0,3925606641;0,4328472222;0,2954545455;0,4090909091
deut4441;deut4461;-0,06981982;0,28875;0,34785;0,2071005917;0,2366863905
deut4441;deut4465;0,17250805;0,4379489943;0,1234375;0,2682926829;0,4512195122
deut4441;deut4469;-0,05309973;0,4782686782;0,2825;0,3623188406;0,4927536232
deut4441;deut4471;-0,05084747;0,4602969349;0,3529166667;0,2777777778;0,4333333333
deut4441;deut4480;0,04532;0,1022833178;0,3917060811;0,2857142857;0,387755102
deut4442;deut4406;-0,09178231;0,3614139621;0,4749264706;0,2857142857;0,4897959184
deut4442;deut4423;-0,02491015;0,267341954;0,46775;0,2619047619;0,4523809524
deut4442;deut4427;0,19016261;0,4441570881;0,4168333333;0,3513513514;0,5675675676
deut4442;deut4428;0,05843559;0,572605364;0,4433333333;0,2653061224;0,4693877551
deut4442;deut4442;6,5514;1;1;1;1
deut4442;deut4443;2,50211773;0,7625957854;0,7605;0,7346938776;0,8979591837
deut4442;deut4453;0,03922056;0,5493295019;0,3216666667;0,2653061224;0,4285714286
deut4442;deut4474;0,09344299;0,5517925561;0,4105952381;0,3265306122;0,5714285714
deut4442;deut4485;0,07832158;0,5581896552;0,5645833333;0,2653061224;0,5306122449
deut4442;deut4503;0,31294045;0,5988685345;0,461875;0,2653061224;0,3469387755
deut4443;deut4406;0,16217074;0,3767325896;0,4503676471;0,2978723404;0,5106382979
deut4443;deut4421;1,11306485;0,5687410201;0,33296875;0,3617021277;0,5319148936
deut4443;deut4428;0,27202789;0,5965517241;0,387;0,2978723404;0,4680851064
deut4443;deut4442;2,50211773;0,7625957854;0,7605;0,7346938776;0,8979591837
deut4443;deut4443;6,5514;1;1;1;1
deut4443;deut4465;0,17866522;0,4591315453;0,3534920635;0,3292682927;0,5365853659
deut4443;deut4474;0,11115622;0,574028462;0,4183333333;0,3191489362;0,5957446809
deut4443;deut4477;0,27884374;0,5383141762;0,6448958333;0,4255319149;0,6170212766
deut4443;deut4482;0,40905105;0,6798850575;0,5675;0,3617021277;0,5744680851
deut4443;deut4503;0,53387844;0,5739942529;0,56046875;0,2978723404;0,3617021277
deut4444;deut4424;0,16897871;0,1666666667;0,25890625;0,2307692308;0,2948717949
deut4444;deut4438;0,01229392;0,685456302;0,4681465517;0,3205128205;0,5256410256
deut4444;deut4444;6,5514;1;1;1;1
deut4444;deut4447;0,2671686;0,6026849856;0,6134375;0,2948717949;0,6025641026
deut4444;deut4448;0,05420939;0,6507423372;0,3028645833;0,25;0,5795454545
deut4444;deut4454;0,29467567;0,2045917146;0,30953125;0,2692307692;0,3461538462
deut4444;deut4455;-0,04195563;0,6201957615;0,5028125;0,2692307692;0,358974359
deut4444;deut4456;0,20037592;0,1546934866;0,21046875;0,3076923077;0,3717948718
deut4444;deut4470;-0,01381357;0,1330669301;0,3155729167;0,3333333333;0,5256410256
deut4444;deut4485;0,10784188;0,3450670498;0,3827083333;0,2692307692;0,4487179487
deut4445;deut4417;0,05301304;0,0804493587;0,2965942029;0,3636363636;0,4924242424
deut4445;deut4418;0,2499848;0,2789750958;0,3862037037;0,3947368421;0,5263157895
deut4445;deut4424;0,12597971;0,4233117816;0,2414583333;0,2105263158;0,3289473684
deut4445;deut4431;-0,01149425;0,4023387612;0,3436111111;0,3026315789;0,3947368421
deut4445;deut4445;6,5514;1;1;1;1
deut4445;deut4452;-0,00462963;0,4328304598;0,1797916667;0,1973684211;0,4078947368
deut4445;deut4454;-0,01190476;0,4016403257;0,23;0,2763157895;0,4078947368
deut4445;deut4463;0,08192925;0,5360991379;0,3970833333;0,4078947368;0,5921052632
deut4445;deut4476;0,05722831;0,436637931;0,37525;0,3289473684;0,4736842105
deut4445;deut4483;0,0552258;0,134239304;0,4028472222;0,2763157895;0,4736842105
deut4446;deut4410;0,06446458;0,3770984574;0,5561184211;0,3214285714;0,5357142857
deut4446;deut4412;-0,07757458;0,5650143678;0,4377777778;0,3125;0,6041666667
deut4446;deut4425;-0,04700855;0,5823006466;0,30515625;0,2978723404;0,5744680851
deut4446;deut4426;-0,04338699;0,5786637931;0,33953125;0,3541666667;0,5833333333
deut4446;deut4430;-0,0905644;0,3369252874;0,4771875;0,4523809524;0,619047619
deut4446;deut4446;6,5514;1;1;1;1
deut4446;deut4451;-0,00383419;0,5627693966;0,6053125;0,3255813953;0,6511627907
deut4446;deut4466;0,10654573;0,1097236308;0,4081801471;0,29;0,4
deut4446;deut4486;-0,02475908;0,6040768678;0,443125;0,380952381;0,5952380952
deut4446;deut4491;-0,04726242;0,6324533046;0,42515625;0,3333333333;0,5952380952
deut4447;deut4424;0,10004242;0,2477550287;0,449453125;0,2741935484;0,3548387097
deut4447;deut4438;0,03020204;0,492580757;0,5018965517;0,2741935484;0,5161290323
deut4447;deut4444;0,2671686;0,6026849856;0,6134375;0,2948717949;0,6025641026
deut4447;deut4447;6,5514;1;1;1;1
deut4447;deut4448;0,07028824;0,6468929598;0,4296875;0,375;0,5909090909
deut4447;deut4455;-0,04195563;0,5707146427;0,4792391304;0,2903225806;0,435483871
deut4447;deut4456;0,12952308;0,228672773;0,355;0,3225806452;0,4193548387
deut4447;deut4465;0,03166777;0,3996722342;0,564453125;0,3170731707;0,5853658537
deut4447;deut4470;-0,01381357;0,1951104526;0,464609375;0,3548387097;0,5806451613
deut4447;deut4485;0,10784188;0,5086206897;0,54640625;0,3064516129;0,5
deut4448;deut4424;-0,0411531;0,1941630747;0,2384375;0,25;0,2840909091
deut4448;deut4438;-0,01891264;0,5410473642;0,5007758621;0,2954545455;0,5
deut4448;deut4444;0,05420939;0,6507423372;0,3028645833;0,25;0,5795454545
deut4448;deut4447;0,07028824;0,6468929598;0,4296875;0,375;0,5909090909
deut4448;deut4448;6,5514;1;1;1;1
deut4448;deut4455;0,19421234;0,5377155172;0,4372826087;0,2386363636;0,3409090909
deut4448;deut4456;0,12448482;0,1919181034;0,3414375;0,2840909091;0,3295454545
deut4448;deut4470;-0,02525426;0,1542744253;0,34715625;0,2954545455;0,5113636364
deut4448;deut4474;0,06201783;0,4733656609;0,3520625;0,2727272727;0,3636363636
deut4448;deut4485;0,09483913;0,4046515805;0,42475;0,2613636364;0,4318181818
deut4449;deut4414;0,25773542;0,545677682;0,4650520833;0,3416666667;0,475
deut4449;deut4419;0,11872222;0,3710189176;0,465625;0,25;0,4333333333
deut4449;deut4420;0,11677595;0,3657806513;0,46359375;0,25;0,45
deut4449;deut4424;0,34938498;0,1651700192;0,2382291667;0,2;0,2083333333
deut4449;deut4438;0,22288875;0,6204295482;0,3447844828;0,2666666667;0,4166666667
deut4449;deut4449;6,5514;1;1;1;1
deut4449;deut4455;0,14057649;0,5077975335;0,2860416667;0,1833333333;0,25
deut4449;deut4456;0,2480699;0,1554418103;0,1890625;0,2083333333;0,2416666667
deut4449;deut4467;0,17501997;0,4416606801;0,48296875;0,3083333333;0,425
deut4449;deut4495;0,18416091;0,4291487069;0,4018229167;0,2;0,325
deut4450;deut4414;0,06621428;0,5557800527;0,48015625;0,3363636364;0,4909090909
deut4450;deut4419;0,05896851;0,378876317;0,4496354167;0,2909090909;0,5363636364
deut4450;deut4424;0,49599621;0,1666666667;0,283125;0,1909090909;0,2272727273
deut4450;deut4438;0,22335725;0,6380796671;0,4232327586;0,3272727273;0,4636363636
deut4450;deut4450;6,5514;1;1;1;1
deut4450;deut4455;0,15955901;0,5745480125;0,3840104167;0,2090909091;0,2727272727
deut4450;deut4456;0,26544938;0,1606800766;0,2741145833;0,1909090909;0,2636363636
deut4450;deut4465;0,21760553;0,2955729167;0,47796875;0,3727272727;0,5545454545
deut4450;deut4485;0,13584895;0,3540469349;0,4654166667;0,2636363636;0,3545454545
deut4450;deut4495;0,19451964;0,4231621169;0,4346875;0,2636363636;0,3636363636
deut4451;deut4410;-0,0019911;0,5625756201;0,6118421053;0,3571428571;0,5892857143
deut4451;deut4417;-0,03333333;0,1663647343;0,3654710145;0,2196969697;0,3257575758
deut4451;deut4425;-0,04166667;0,5687559866;0,534375;0,2765957447;0,5106382979
deut4451;deut4440;-0,02174245;0,6594599526;0,5674603175;0,3157894737;0,5438596491
deut4451;deut4445;-0,03333333;0,3938577586;0,4898958333;0,2631578947;0,4210526316
deut4451;deut4446;-0,00383419;0,5627693966;0,6053125;0,3255813953;0,6511627907
deut4451;deut4451;6,5514;1;1;1;1
deut4451;deut4463;-0,03333333;0,3248623084;0,4477083333;0,320754717;0,4905660377
deut4451;deut4476;-0,03333333;0,6836685824;0,6232291667;0,3913043478;0,5652173913
deut4451;deut4483;-0,03333333;0,3019037356;0,4818402778;0,3243243243;0,5
deut4452;deut4417;-0,00462963;0,0801890721;0,226557971;0,2121212121;0,2954545455
deut4452;deut4425;-0,01388889;0,5525323276;0,33984375;0,2765957447;0,5106382979
deut4452;deut4431;-0,01724138;0,5329661558;0,5620833333;0,358974359;0,6153846154
deut4452;deut4437;2,32383501;0,6380208333;0,693125;0,4814814815;0,6111111111
deut4452;deut4439;0,10151346;0,0972809586;0,2724764151;0,2738095238;0,4285714286
deut4452;deut4445;-0,00462963;0,4328304598;0,1797916667;0,1973684211;0,4078947368
deut4452;deut4452;6,5514;1;1;1;1
deut4452;deut4463;-0,00462963;0,408045977;0,2491666667;0,2641509434;0,5094339623
deut4452;deut4476;-0,00462963;0,4922413793;0,44975;0,2826086957;0,5434782609
deut4452;deut4483;-0,00462963;0,148208014;0,339375;0,3108108108;0,5
deut4453;deut4406;0,05796474;0,2608392495;0,3676470588;0,3421052632;0,5
deut4453;deut4407;-0,02214282;0,2095827086;0,35875;0,2197802198;0,3186813187
deut4453;deut4427;0,24405964;0,3466834291;0,3335416667;0,2837837838;0,3783783784
deut4453;deut4428;0,37632609;0,5166427203;0,3497916667;0,375;0,525
deut4453;deut4442;0,03922056;0,5493295019;0,3216666667;0,2653061224;0,4285714286
deut4453;deut4453;6,5514;1;1;1;1
deut4453;deut4458;0,32859365;0,3672772989;0,3575;0,2835820896;0,3880597015
deut4453;deut4459;0,11279116;0,1600814176;0,2592083333;0,2666666667;0,3866666667
deut4453;deut4461;0,06730327;0,1899425287;0,2856;0,1479289941;0,1715976331
deut4453;deut4473;0,28962751;0,388230364;0,3633333333;0,28;0,5
deut4454;deut4423;0,1168412;0,1806034483;0,236;0,2857142857;0,369047619
deut4454;deut4431;0,29653162;0,4956896552;0,3472222222;0,3125;0,5625
deut4454;deut4444;0,29467567;0,2045917146;0,30953125;0,2692307692;0,3461538462
deut4454;deut4445;-0,01190476;0,4016403257;0,23;0,2763157895;0,4078947368
deut4454;deut4454;6,5514;1;1;1;1
deut4454;deut4455;0,05792313;0,1939655172;0,3808152174;0,3225806452;0,5483870968
deut4454;deut4456;0,15562248;0,5614224138;0,1485;0,3548387097;0,5161290323
deut4454;deut4463;0,27792174;0,4412356322;0,220375;0,3396226415;0,4716981132
deut4454;deut4476;0,26032981;0,4211206897;0,33525;0,3260869565;0,4782608696
deut4454;deut4483;-0,01190476;0,1279134738;0,3012152778;0,2972972973;0,4054054054
deut4455;deut4414;0,13351433;0,568621939;0,52125;0,3333333333;0,4833333333
deut4455;deut4419;0,12990733;0,3379872564;0,4720108696;0,2857142857;0,4126984127
deut4455;deut4424;0,16218778;0,1590767116;0,3443478261;0,3666666667;0,5333333333
deut4455;deut4438;0,13351433;0,6676947087;0,7293534483;0,3846153846;0,5192307692
deut4455;deut4448;0,19421234;0,5377155172;0,4372826087;0,2386363636;0,3409090909
deut4455;deut4449;0,14057649;0,5077975335;0,2860416667;0,1833333333;0,25
deut4455;deut4450;0,15955901;0,5745480125;0,3840104167;0,2090909091;0,2727272727
deut4455;deut4455;6,5514;1;1;1;1
deut4455;deut4456;0,25556084;0,1551724138;0,4175;0,4;0,6
deut4455;deut4465;0,21492111;0,2440654673;0,4598369565;0,243902439;0,3536585366
deut4456;deut4419;0,15554122;0,3362428161;0,267125;0,3174603175;0,4285714286
deut4456;deut4420;0,15554122;0,3362428161;0,273625;0,3125;0,421875
deut4456;deut4424;0,60471515;0,5510057471;0,1021875;0,4482758621;0,6206896552
deut4456;deut4438;0,23531034;0,1323573127;0,3028448276;0,3461538462;0,5
deut4456;deut4449;0,2480699;0,1554418103;0,1890625;0,2083333333;0,2416666667
deut4456;deut4450;0,26544938;0,1606800766;0,2741145833;0,1909090909;0,2636363636
deut4456;deut4455;0,25556084;0,1551724138;0,4175;0,4;0,6
deut4456;deut4456;6,5514;1;1;1;1
deut4456;deut4465;0,97172291;0,3588305054;0,2014285714;0,2682926829;0,3536585366
deut4456;deut4475;0,1539124;0,1137751437;0,227890625;0,2173913043;0,3152173913
deut4457;deut4399;-0,04923788;0,4431273946;0,4074479167;0,2580645161;0,5806451613
deut4457;deut4400;0,0075415;0,6342492816;0,4584895833;0,2268041237;0,5463917526
deut4457;deut4403;0,03125239;0,2312919061;0,3335416667;0,2043010753;0,2795698925
deut4457;deut4415;0,05160581;0,1412835249;0,3203385417;0,2903225806;0,4193548387
deut4457;deut4417;-0,01910461;0,3267428786;0,4738405797;0,3939393939;0,5606060606
deut4457;deut4457;6,5514;1;1;1;1
deut4457;deut4462;-0,01401219;0,4652029454;0,555625;0,3440860215;0,5268817204
deut4457;deut4468;0,04713955;0,2573635057;0,3870138889;0,2365591398;0,4408602151
deut4457;deut4481;-0,02836387;0,4992816092;0,4592881944;0,2300884956;0,5309734513
deut4457;deut4484;-0,02214947;0,3343837078;0,5197537879;0,3267326733;0,5544554455
deut4458;deut4401;0,30846959;0,4311542146;0,4478125;0,2835820896;0,328358209
deut4458;deut4407;0,11644444;0,4729666417;0,4935326087;0,3406593407;0,5934065934
deut4458;deut4416;0,15106376;0,636404454;0,2119791667;0,2463768116;0,5652173913
deut4458;deut4421;0,08482661;0,4833273467;0,4363541667;0,2835820896;0,3731343284
deut4458;deut4436;-0,03548834;0,5006585249;0,3936458333;0,2537313433;0,4029850746
deut4458;deut4453;0,32859365;0,3672772989;0,3575;0,2835820896;0,3880597015
deut4458;deut4458;6,5514;1;1;1;1
deut4458;deut4459;0,05597063;0,3565972222;0,493625;0,28;0,5866666667
deut4458;deut4460;0,03841948;0,5241459132;0,3430555556;0,2840909091;0,5227272727
deut4458;deut4461;0,0314731;0,4113936782;0,3739;0,2544378698;0,3846153846
deut4459;deut4406;0,12956107;0,4960249042;0,555875;0,32;0,48
deut4459;deut4407;0,05922187;0,6127514368;0,5563333333;0,3296703297;0,5604395604
deut4459;deut4436;-0,03548834;0,2534961686;0,4402916667;0,2666666667;0,44
deut4459;deut4453;0,11279116;0,1600814176;0,2592083333;0,2666666667;0,3866666667
deut4459;deut4458;0,05597063;0,3565972222;0,493625;0,28;0,5866666667
deut4459;deut4459;6,5514;1;1;1;1
deut4459;deut4460;0,02553524;0,5239703065;0,4895416667;0,3181818182;0,5568181818
deut4459;deut4461;0,09227424;0,5187739464;0,4545833333;0,2721893491;0,4201183432
deut4459;deut4462;-0,03315221;0,3733596743;0,5181666667;0,2933333333;0,64
deut4459;deut4473;0,1126563;0,3757543103;0,4377083333;0,3066666667;0,5333333333
deut4460;deut4407;0,02308508;0,6171601699;0,5033152174;0,2857142857;0,5274725275
deut4460;deut4436;-0,06184324;0,3836206897;0,4847222222;0,2386363636;0,375
deut4460;deut4441;-0,0514043;0,3925606641;0,4328472222;0,2954545455;0,4090909091
deut4460;deut4458;0,03841948;0,5241459132;0,3430555556;0,2840909091;0,5227272727
deut4460;deut4459;0,02553524;0,5239703065;0,4895416667;0,3181818182;0,5568181818
deut4460;deut4460;6,5514;1;1;1;1
deut4460;deut4461;0,05713945;0,5093534483;0,40385;0,3431952663;0,4674556213
deut4460;deut4469;-0,00586126;0,303659802;0,3993055556;0,3295454545;0,5340909091
deut4460;deut4471;0,12907656;0,6171376117;0,3352083333;0,2777777778;0,5444444444
deut4460;deut4473;-0,04964539;0,550466954;0,4123611111;0,3295454545;0,4886363636
deut4461;deut4407;0,04053067;0,5935632184;0,4312;0,2721893491;0,4674556213
deut4461;deut4436;-0,07098765;0,2837212644;0,39075;0,1715976331;0,1952662722
deut4461;deut4453;0,06730327;0,1899425287;0,2856;0,1479289941;0,1715976331
deut4461;deut4458;0,0314731;0,4113936782;0,3739;0,2544378698;0,3846153846
deut4461;deut4459;0,09227424;0,5187739464;0,4545833333;0,2721893491;0,4201183432
deut4461;deut4460;0,05713945;0,5093534483;0,40385;0,3431952663;0,4674556213
deut4461;deut4461;6,5514;1;1;1;1
deut4461;deut4469;-0,05452841;0,2398275862;0,38545;0,2426035503;0,3668639053
deut4461;deut4471;0,03132829;0,4897557471;0,42225;0,2721893491;0,449704142
deut4461;deut4473;0,0158348;0,3912787356;0,4011;0,2130177515;0,2958579882
deut4462;deut4407;-0,03474734;0,4834770115;0,5303804348;0,2637362637;0,5494505495
deut4462;deut4417;-0,04181178;0,1653235882;0,3927355072;0,2424242424;0,4090909091
deut4462;deut4423;-0,0414207;0,4304310345;0,4344;0,2976190476;0,5
deut4462;deut4427;-0,03559845;0,3632064176;0,4284375;0,3108108108;0,5810810811
deut4462;deut4445;-0,03735027;0,389996408;0,4603125;0,2894736842;0,4868421053
deut4462;deut4457;-0,01401219;0,4652029454;0,555625;0,3440860215;0,5268817204
deut4462;deut4459;-0,03315221;0,3733596743;0,5181666667;0,2933333333;0,64
deut4462;deut4462;6,5514;1;1;1;1
deut4462;deut4483;-0,04181178;0,2941710568;0,4921180556;0,3243243243;0,5675675676
deut4462;deut4484;-0,01004197;0,1731104145;0,4309848485;0,2772277228;0,4455445545
deut4463;deut4417;0,20348333;0,0610528069;0,2376086957;0,2878787879;0,3939393939
deut4463;deut4423;0,34581434;0,1591666667;0,25955;0,380952381;0,5238095238
deut4463;deut4424;0,34480303;0,4115581098;0,1206944444;0,320754717;0,4339622642
deut4463;deut4431;0,15621777;0,3762771392;0,3681944444;0,4339622642;0,5094339623
deut4463;deut4445;0,08192925;0,5360991379;0,3970833333;0,4078947368;0,5921052632
deut4463;deut4454;0,27792174;0,4412356322;0,220375;0,3396226415;0,4716981132
deut4463;deut4463;6,5514;1;1;1;1
deut4463;deut4465;0,28461838;0,426746944;0,210952381;0,3414634146;0,512195122
deut4463;deut4476;0,15752363;0,3251795977;0,391625;0,4528301887;0,6037735849
deut4463;deut4483;0,19692642;0,1045458174;0,3513541667;0,3918918919;0,527027027
deut4464;deut4405;-0,07343951;0,4502514368;0,32375;0,2142857143;0,3714285714
deut4464;deut4413;-0,04804783;0,5325670498;0,3165277778;0,2285714286;0,5857142857
deut4464;deut4416;0,02995469;0,4953005268;0,3892708333;0,1571428571;0,5428571429
deut4464;deut4434;-0,04160293;0,3801684227;0,4029861111;0,2558139535;0,5813953488
deut4464;deut4439;-0,04101373;0,1285783995;0,3408254717;0,2142857143;0,5595238095
deut4464;deut4464;6,5514;1;1;1;1
deut4464;deut4471;-0,04959494;0,4345545977;0,3450833333;0,2444444444;0,5666666667
deut4464;deut4478;-0,14055951;0,4725215517;0,2765625;0,2428571429;0,4285714286
deut4464;deut4479;-0,03716709;0,4405890805;0,3645555556;0,2019230769;0,5961538462
deut4464;deut4480;-0,07926472;0,0957304287;0,3532263514;0,2653061224;0,5714285714
deut4465;deut4414;0,0832333;0,3838601533;0,3758333333;0,3414634146;0,5487804878
deut4465;deut4424;0,23976956;0,3896186827;0,2992063492;0,256097561;0,3048780488
deut4465;deut4438;0,10065407;0,2210785771;0,4120258621;0,3780487805;0,512195122
deut4465;deut4443;0,17866522;0,4591315453;0,3534920635;0,3292682927;0,5365853659
deut4465;deut4450;0,21760553;0,2955729167;0,47796875;0,3727272727;0,5545454545
deut4465;deut4455;0,21492111;0,2440654673;0,4598369565;0,243902439;0,3536585366
deut4465;deut4456;0,97172291;0,3588305054;0,2014285714;0,2682926829;0,3536585366
deut4465;deut4463;0,28461838;0,426746944;0,210952381;0,3414634146;0,512195122
deut4465;deut4465;6,5514;1;1;1;1
deut4465;deut4485;0,14098637;0,4602889527;0,2881944444;0,3170731707;0,4512195122
deut4466;deut4400;-0,01393795;0,2771298174;0,4727757353;0,2;0,5
deut4466;deut4410;0,0687651;0,2634328516;0,4847058824;0,3;0,48
deut4466;deut4417;-0,00792117;0,7381777861;0,6082971014;0,4015151515;0,6060606061
deut4466;deut4445;-0,01129932;0,0747654665;0,33375;0,34;0,52
deut4466;deut4446;0,10654573;0,1097236308;0,4081801471;0,29;0,4
deut4466;deut4451;-0,04943507;0,1648495605;0,4205882353;0,29;0,42
deut4466;deut4466;6,5514;1;1;1;1
deut4466;deut4481;-0,01651224;0,1854768847;0,4508057598;0,203539823;0,4955752212
deut4466;deut4483;-0,01082188;0,4108244591;0,5939705882;0,37;0,54
deut4466;deut4486;-0,06654936;0,0952818627;0,3381985294;0,26;0,39
deut4467;deut4410;-0,04722444;0,5720281307;0,6288157895;0,3;0,5666666667
deut4467;deut4414;0,04888889;0,635105364;0,4510833333;0,3;0,55
deut4467;deut4419;-0,03638335;0,5644157088;0,4879166667;0,3015873016;0,5396825397
deut4467;deut4420;-0,03638335;0,570282567;0,486875;0,296875;0,53125
deut4467;deut4444;-0,02163278;0,4648287835;0,5216666667;0,358974359;0,5641025641
deut4467;deut4448;-0,05473786;0,5003591954;0,4141875;0,2954545455;0,5340909091
deut4467;deut4449;0,17501997;0,4416606801;0,48296875;0,3083333333;0,425
deut4467;deut4467;6,5514;1;1;1;1
deut4467;deut4468;-0,02109087;0,4613864943;0,485625;0,25;0,6
deut4467;deut4495;0,08712244;0,6468809866;0,4241666667;0,4;0,5666666667
deut4468;deut4414;0,08922582;0,383045977;0,3614166667;0,25;0,5833333333
deut4468;deut4415;0,19141374;0,3735632184;0,3807051282;0,2765957447;0,5957446809
deut4468;deut4416;0,09809457;0,4548611111;0,3190972222;0,2463768116;0,5942028986
deut4468;deut4423;0,08766202;0,2377298851;0,28425;0,2261904762;0,5
deut4468;deut4427;0,09809457;0,2995689655;0,2479807692;0,2162162162;0,5540540541
deut4468;deut4457;0,04713955;0,2573635057;0,3870138889;0,2365591398;0,4408602151
deut4468;deut4463;0,05545891;0,4082117595;0,2116346154;0,2641509434;0,5849056604
deut4468;deut4468;6,5514;1;1;1;1
deut4468;deut4484;0,05282522;0,0914097875;0,2951893939;0,2079207921;0,4257425743
deut4468;deut4502;0,10304628;0,2498802682;0,3406423611;0,2297297297;0,5
deut4469;deut4409;-0,00101278;0,1542366152;0,4358223684;0,3043478261;0,5797101449
deut4469;deut4424;0,01234335;0,4397083865;0,2696296296;0,2898550725;0,3333333333
deut4469;deut4438;-0,0000944;0,1943618708;0,4311206897;0,3623188406;0,5652173913
deut4469;deut4450;0,00961413;0,2505687261;0,40171875;0,2909090909;0,5272727273
deut4469;deut4460;-0,00586126;0,303659802;0,3993055556;0,3295454545;0,5340909091
deut4469;deut4461;-0,05452841;0,2398275862;0,38545;0,2426035503;0,3668639053
deut4469;deut4469;6,5514;1;1;1;1
deut4469;deut4481;0,06382057;0,3512691571;0,4256527778;0,3097345133;0,4955752212
deut4469;deut4484;0,09004529;0,0908437827;0,3471212121;0,3564356436;0,5742574257
deut4469;deut4489;-0,01626506;0,5376706178;0,48296875;0,3188405797;0,5072463768
deut4470;deut4413;-0,01029056;0,3110233078;0,3266666667;0,3389830508;0,593220339
deut4470;deut4414;-0,00942362;0,1914032567;0,337875;0,3166666667;0,5833333333
deut4470;deut4419;-0,00646472;0,2621048851;0,3505;0,2857142857;0,5396825397
deut4470;deut4420;-0,00646472;0,2790229885;0,3744375;0,28125;0,53125
deut4470;deut4424;-0,01624295;0,1782507184;0,0596875;0,3018867925;0,3773584906
deut4470;deut4444;-0,01381357;0,1330669301;0,3155729167;0,3333333333;0,5256410256
deut4470;deut4447;-0,01381357;0,1951104526;0,464609375;0,3548387097;0,5806451613
deut4470;deut4456;-0,01374404;0,278825431;0,059768734;0,2830188679;0,4150943396
deut4470;deut4470;6,5514;1;1;1;1
deut4470;deut4475;0,09350088;0,0936153017;0,2623242188;0,2826086957;0,4130434783
deut4471;deut4401;0,29779091;0,3521072797;0,3304166667;0,2444444444;0,2777777778
deut4471;deut4406;-0,0372548;0,5438218391;0,4227205882;0,3111111111;0,4111111111
deut4471;deut4407;0,0453368;0,5588611944;0,4670652174;0,2307692308;0,5714285714
deut4471;deut4421;0,42891515;0,4333572797;0,2896666667;0,1777777778;0,2777777778
deut4471;deut4458;0,05632503;0,5914990421;0,4011666667;0,3111111111;0,5777777778
deut4471;deut4460;0,12907656;0,6171376117;0,3352083333;0,2777777778;0,5444444444
deut4471;deut4461;0,03132829;0,4897557471;0,42225;0,2721893491;0,449704142
deut4471;deut4471;6,5514;1;1;1;1
deut4471;deut4477;-0,03267852;0,6109195402;0,3194166667;0,3111111111;0,4888888889
deut4471;deut4482;-0,01026596;0,4287595785;0,2998333333;0,2666666667;0,4666666667
deut4472;deut4398;0,1160256;0,2503831418;0,4555333333;0,3529411765;0,5147058824
deut4472;deut4412;-0,0781153;0,4301564496;0,4331944444;0,3125;0,6875
deut4472;deut4424;-0,073639;0,5097701149;0,29175;0,2820512821;0,4358974359
deut4472;deut4425;0,06200016;0,4050826149;0,461875;0,2765957447;0,5106382979
deut4472;deut4426;0,04961194;0,5068760263;0,5076785714;0,3541666667;0,5208333333
deut4472;deut4429;-0,05146899;0,3996521476;0,3307894737;0,358974359;0,5897435897
deut4472;deut4430;-0,02096046;0,3974856322;0,39825;0,358974359;0,5897435897
deut4472;deut4437;0,09483913;0,452496408;0,36796875;0,3148148148;0,5555555556
deut4472;deut4472;6,5514;1;1;1;1
deut4472;deut4491;-0,08898261;0,4859015805;0,49;0,3333333333;0,641025641
deut4473;deut4406;0,08815883;0,5724095673;0,4908823529;0,44;0,54
deut4473;deut4414;0,07675745;0,6421455939;0,51675;0,3166666667;0,55
deut4473;deut4433;0,19616838;0,2987308429;0,5372916667;0,3103448276;0,5862068966
deut4473;deut4438;0,06455887;0,3843762386;0,4591810345;0,3653846154;0,5961538462
deut4473;deut4439;0,131265;0,2076081653;0,4087028302;0,380952381;0,5238095238
deut4473;deut4450;0,09485865;0,4491139847;0,4765625;0,3181818182;0,4272727273
deut4473;deut4453;0,28962751;0,388230364;0,3633333333;0,28;0,5
deut4473;deut4459;0,1126563;0,3757543103;0,4377083333;0,3066666667;0,5333333333
deut4473;deut4473;6,5514;1;1;1;1
deut4473;deut4497;0,0964155;0,5551664272;0,5751041667;0,32;0,56
deut4474;deut4406;-0,12819031;0,556372549;0,5284558824;0,3157894737;0,5
deut4474;deut4413;-0,04952438;0,6220922277;0,3013095238;0,2881355932;0,4745762712
deut4474;deut4427;0,08242059;0,3621373837;0,4279166667;0,2972972973;0,4189189189
deut4474;deut4428;0,26176312;0,4696565408;0,3932142857;0,4;0,475
deut4474;deut4442;0,09344299;0,5517925561;0,4105952381;0,3265306122;0,5714285714
deut4474;deut4443;0,11115622;0,574028462;0,4183333333;0,3191489362;0,5957446809
deut4474;deut4448;0,06201783;0,4733656609;0,3520625;0,2727272727;0,3636363636
deut4474;deut4453;0,02228696;0,4282977559;0,4045238095;0,21875;0,5
deut4474;deut4455;0,03369852;0,4034232884;0,5253804348;0,28125;0,53125
deut4474;deut4474;6,5514;1;1;1;1
deut4475;deut4414;0,07160671;0,4221668463;0,3663671875;0,3804347826;0,4891304348
deut4475;deut4419;0,04912504;0,2765804598;0,3287109375;0,3043478261;0,4347826087
deut4475;deut4420;0,04831971;0,2754579741;0,3341796875;0,3043478261;0,4347826087
deut4475;deut4424;0,21767025;0,118826329;0,20484375;0,1956521739;0,2717391304
deut4475;deut4438;0,09044999;0,7489111889;0,5830859375;0,3152173913;0,4347826087
deut4475;deut4455;0,12613378;0,5426095546;0,6161328125;0,2282608696;0,3043478261
deut4475;deut4456;0,1539124;0,1137751437;0,227890625;0,2173913043;0,3152173913
deut4475;deut4470;0,09350088;0,0936153017;0,2623242188;0,2826086957;0,4130434783
deut4475;deut4475;6,5514;1;1;1;1
deut4475;deut4485;-0,05163221;0,2573971803;0,301640625;0,2391304348;0,3586956522
deut4476;deut4417;0,07536427;0,1384203731;0,3082971014;0,2575757576;0,3484848485
deut4476;deut4424;0,19567117;0,3595905172;0,274;0,2391304348;0,3913043478
deut4476;deut4425;-0,00775194;0,5524425287;0,4245;0,2978723404;0,5531914894
deut4476;deut4431;1,12236542;0,6206896552;0,5415;0,5434782609;0,652173913
deut4476;deut4445;0,05722831;0,436637931;0,37525;0,3289473684;0,4736842105
deut4476;deut4452;-0,00462963;0,4922413793;0,44975;0,2826086957;0,5434782609
deut4476;deut4454;0,26032981;0,4211206897;0,33525;0,3260869565;0,4782608696
deut4476;deut4463;0,15752363;0,3251795977;0,391625;0,4528301887;0,6037735849
deut4476;deut4476;6,5514;1;1;1;1
deut4476;deut4483;0,06905332;0,2528336526;0,4511111111;0,3918918919;0,5540540541
deut4477;deut4401;0,1164057;0,4580938697;0,5461458333;0,3617021277;0,4680851064
deut4477;deut4416;0,12947686;0,5947377874;0,4745833333;0,347826087;0,5362318841
deut4477;deut4421;0,10953639;0,5716295498;0,3546875;0,3617021277;0,4893617021
deut4477;deut4423;0,34301819;0,4286350575;0,42495;0,3571428571;0,5357142857
deut4477;deut4439;0,09982337;0,2060832791;0,3837264151;0,3928571429;0,4880952381
deut4477;deut4443;0,27884374;0,5383141762;0,6448958333;0,4255319149;0,6170212766
deut4477;deut4465;0,26700868;0,4642301245;0,4244791667;0,3536585366;0,487804878
deut4477;deut4477;6,5514;1;1;1;1
deut4477;deut4479;0,0344803;0,5530411877;0,4036666667;0,25;0,3942307692
deut4477;deut4482;0,35115046;0,5501676245;0,6217708333;0,4893617021;0,6808510638
deut4478;deut4405;0,39734525;0,6325431034;0,3635;0,4117647059;0,5882352941
deut4478;deut4412;-0,09427354;0,465756705;0,3759722222;0,2708333333;0,5416666667
deut4478;deut4426;-0,07643451;0,5565989327;0,3551785714;0,3541666667;0,5416666667
deut4478;deut4446;-0,08338623;0,4634518678;0,36140625;0,3095238095;0,5238095238
deut4478;deut4460;-0,06705692;0,2588202427;0,3105555556;0,2727272727;0,3863636364
deut4478;deut4465;-0,06396344;0,4367816092;0,2706349206;0,256097561;0,3780487805
deut4478;deut4469;-0,06379669;0,4633354619;0,3264814815;0,2898550725;0,4202898551
deut4478;deut4475;-0,04783441;0,1472701149;0,255546875;0,2282608696;0,347826087
deut4478;deut4478;6,5514;1;1;1;1
deut4478;deut4480;0,11013576;0,063684374;0,2646959459;0,2551020408;0,3367346939
deut4479;deut4406;-0,08601879;0,5131423259;0,3640686275;0,2211538462;0,3365384615
deut4479;deut4416;-0,01500295;0,5641044061;0,3;0,2980769231;0,5288461538
deut4479;deut4427;-0,01956215;0,3115181992;0,3455833333;0,25;0,5096153846
deut4479;deut4435;-0,02106191;0,553855364;0,27675;0,3173076923;0,5
deut4479;deut4439;-0,02392414;0,2310304164;0,457240566;0,3076923077;0,5288461538
deut4479;deut4442;-0,04732579;0,4203783525;0,3876111111;0,2403846154;0,4615384615
deut4479;deut4443;-0,0383141;0,4293582375;0,38925;0,2307692308;0,4519230769
deut4479;deut4477;0,0344803;0,5530411877;0,4036666667;0,25;0,3942307692
deut4479;deut4479;6,5514;1;1;1;1
deut4479;deut4482;-0,04106384;0,4477490421;0,4099722222;0,2788461538;0,3942307692
deut4480;deut4405;0,11939002;0,0571703169;0,2797466216;0,2040816327;0,306122449
deut4480;deut4441;0,04532;0,1022833178;0,3917060811;0,2857142857;0,387755102
deut4480;deut4448;-0,04901961;0,2468497592;0,5138851351;0,2448979592;0,5612244898
deut4480;deut4449;-0,04035088;0,295079023;0,4838006757;0,325;0,5333333333
deut4480;deut4450;-0,04035088;0,29689927;0,5397635135;0,2727272727;0,5727272727
deut4480;deut4460;-0,02221278;0,2233418764;0,4857939189;0,306122449;0,5408163265
deut4480;deut4461;-0,04825377;0,2843711168;0,5550844595;0,2899408284;0,4911242604
deut4480;deut4475;0,04941787;0,4138659133;0,6076013514;0,3163265306;0,4897959184
deut4480;deut4478;0,11013576;0,063684374;0,2646959459;0,2551020408;0,3367346939
deut4480;deut4480;6,5514;1;1;1;1
deut4481;deut4399;-0,01058983;0,5978687739;0,3806805556;0,2566371681;0,5044247788
deut4481;deut4401;-0,10606061;0,3383381226;0,3670277778;0,1592920354;0,2212389381
deut4481;deut4425;-0,02651515;0,4531130268;0,3291111111;0,2300884956;0,3539823009
deut4481;deut4431;-0,04022989;0,5090038314;0,3849444444;0,2123893805;0,2654867257
deut4481;deut4440;-0,02777778;0,5858876117;0,3276984127;0,3274336283;0,4424778761
deut4481;deut4452;-0,02777778;0,3545019157;0,4146666667;0,2123893805;0,3274336283
deut4481;deut4454;-0,04166667;0,3075909962;0,365;0,1681415929;0,2477876106
deut4481;deut4463;-0,01893939;0,2622844828;0,3088055556;0,2654867257;0,389380531
deut4481;deut4476;-0,01937984;0,5264128352;0,2743888889;0,2477876106;0,3805309735
deut4481;deut4481;6,5514;1;1;1;1
deut4482;deut4401;-0,01913202;0,599137931;0,4588333333;0,3863636364;0,5
deut4482;deut4416;0,2516039;0,5045797414;0,4103125;0,3623188406;0,5797101449
deut4482;deut4421;0,06896891;0,6148527299;0,28046875;0,2727272727;0,4772727273
deut4482;deut4423;0,13023829;0,270545977;0,30685;0,2976190476;0,4761904762
deut4482;deut4439;0,32323146;0,1303269356;0,3062735849;0,4166666667;0,5
deut4482;deut4443;0,40905105;0,6798850575;0,5675;0,3617021277;0,5744680851
deut4482;deut4465;0,17578951;0,4979018427;0,3638095238;0,3292682927;0,4634146341
deut4482;deut4477;0,35115046;0,5501676245;0,6217708333;0,4893617021;0,6808510638
deut4482;deut4479;-0,04106384;0,4477490421;0,4099722222;0,2788461538;0,3942307692
deut4482;deut4482;6,5514;1;1;1;1
deut4483;deut4417;0,10264856;0,3923767283;0,5651268116;0,3484848485;0,5303030303
deut4483;deut4424;0,28830958;0,1046256386;0,2734722222;0,2567567568;0,3108108108
deut4483;deut4425;0,07326206;0,1982758621;0,4067361111;0,3918918919;0,5540540541
deut4483;deut4431;0,04141149;0,2352829662;0,4164583333;0,3513513514;0,4189189189
deut4483;deut4445;0,0552258;0,134239304;0,4028472222;0,2763157895;0,4736842105
deut4483;deut4452;-0,00462963;0,148208014;0,339375;0,3108108108;0,5
deut4483;deut4454;-0,01190476;0,1279134738;0,3012152778;0,2972972973;0,4054054054
deut4483;deut4463;0,19692642;0,1045458174;0,3513541667;0,3918918919;0,527027027
deut4483;deut4476;0,06905332;0,2528336526;0,4511111111;0,3918918919;0,5540540541
deut4483;deut4483;6,5514;1;1;1;1
deut4484;deut4417;0,16417974;0,7947901049;0,587826087;0,3257575758;0,5606060606
deut4484;deut4424;0,65774545;0,0597897074;0,1970454545;0,2277227723;0,2475247525
deut4484;deut4463;0,22771889;0,0638279345;0,2973863636;0,3366336634;0,4752475248
deut4484;deut4469;0,09004529;0,0908437827;0,3471212121;0,3564356436;0,5742574257
deut4484;deut4476;0,0919924;0,1447122083;0,3692234848;0,2871287129;0,4356435644
deut4484;deut4484;6,5514;1;1;1;1
deut4484;deut4489;0,4328283;0,1165861198;0,3591098485;0,2376237624;0,3663366337
deut4484;deut4495;0,28252072;0,1612243121;0,3732954545;0,2475247525;0,396039604
deut4484;deut4501;0,7149947;0,0995297806;0,3320454545;0,3069306931;0,396039604
deut4484;deut4503;0,21768311;0,1190351794;0,2883333333;0,1683168317;0,2376237624
deut4485;deut4414;0,02336478;0,5401340996;0,5675;0,3333333333;0,5666666667
deut4485;deut4419;-0,02301713;0,5906968391;0,485125;0,3174603175;0,5079365079
deut4485;deut4438;0,00977193;0,2892885454;0,4047844828;0,3846153846;0,5961538462
deut4485;deut4444;0,10784188;0,3450670498;0,3827083333;0,2692307692;0,4487179487
deut4485;deut4447;0,10784188;0,5086206897;0,54640625;0,3064516129;0,5
deut4485;deut4448;0,09483913;0,4046515805;0,42475;0,2613636364;0,4318181818
deut4485;deut4450;0,13584895;0,3540469349;0,4654166667;0,2636363636;0,3545454545
deut4485;deut4465;0,14098637;0,4602889527;0,2881944444;0,3170731707;0,4512195122
deut4485;deut4470;-0,02288095;0,2752234994;0,3572916667;0,2830188679;0,5283018868
deut4485;deut4485;6,5514;1;1;1;1
deut4486;deut4486;6,5514;1;1;1;1
deut4486;deut4487;0,91194082;0,6521641523;0,6103125;0,4871794872;0,6923076923
deut4486;deut4490;3,01099137;0,5638769157;0,6447916667;0,5185185185;0,6481481481
deut4486;deut4491;1,61953176;0,7651760057;0,64015625;0,641025641;0,8461538462
deut4486;deut4492;3,02292469;0,5393019636;0,5920833333;0,4655172414;0,6034482759
deut4486;deut4493;2,51496339;0,5504070881;0,6408333333;0,5185185185;0,6481481481
deut4486;deut4494;1,09171234;0,5272689176;0,5436458333;0,4310344828;0,6034482759
deut4486;deut4496;2,38119134;0,5250239464;0,5929166667;0,5178571429;0,6428571429
deut4486;deut4497;1,73991331;0,7529184626;0,70484375;0,5897435897;0,7692307692
deut4486;deut4498;2,07919258;0,5638769157;0,6135416667;0,5;0,6206896552
deut4487;deut4486;0,91194082;0,6521641523;0,6103125;0,4871794872;0,6923076923
deut4487;deut4487;6,5514;1;1;1;1
deut4487;deut4488;1,93452131;0,5888409962;0,6114583333;0,4655172414;0,5862068966
deut4487;deut4490;1,04824937;0,5798611111;0,6080208333;0,3888888889;0,5740740741
deut4487;deut4492;1,13481448;0,5633979885;0,5891666667;0,3793103448;0,5517241379
deut4487;deut4493;2,00711863;0,5783644636;0,6297916667;0,462962963;0,5925925926
deut4487;deut4494;2,02598859;0,5861470307;0,6520833333;0,5344827586;0,6206896552
deut4487;deut4496;0,99809731;0,5971324234;0,6263541667;0,3928571429;0,5535714286
deut4487;deut4498;1,15672057;0,6000658525;0,5761458333;0,3965517241;0,5689655172
deut4487;deut4499;2,30406853;0,7583512931;0,7853125;0,7297297297;0,8108108108
deut4488;deut4486;1,17052702;0,5496587644;0,5983333333;0,5;0,6206896552
deut4488;deut4487;1,93452131;0,5888409962;0,6114583333;0,4655172414;0,5862068966
deut4488;deut4488;6,5514;1;1;1;1
deut4488;deut4490;2,94766703;0,9521072797;0,8270833333;0,6896551724;0,8620689655
deut4488;deut4491;3,21514533;0,6217672414;0,6138541667;0,4827586207;0,5862068966
deut4488;deut4493;3,24345753;0,9149305556;0,85625;0,7586206897;0,8965517241
deut4488;deut4494;1,71715289;0,8220785441;0,6321875;0,6379310345;0,775862069
deut4488;deut4498;1,61549783;0,8283644636;0,7470833333;0,6551724138;0,9137931034
deut4488;deut4499;1,28569623;0,5604645594;0,5923958333;0,4655172414;0,5862068966
deut4488;deut4500;1,69278681;0,5978807471;0,65;0,3965517241;0,5689655172
deut4489;deut4417;0,27985968;0,1096951524;0,2819746377;0,196969697;0,2803030303
deut4489;deut4426;-0,02803384;0,6272898707;0,519375;0,3333333333;0,5
deut4489;deut4433;0,04479219;0,4212015086;0,556640625;0,2586206897;0,5
deut4489;deut4469;-0,01626506;0,5376706178;0,48296875;0,3188405797;0,5072463768
deut4489;deut4484;0,4328283;0,1165861198;0,3591098485;0,2376237624;0,3663366337
deut4489;deut4486;0,7774403;0,6164242098;0,636875;0,5641025641;0,6923076923
deut4489;deut4489;6,5514;1;1;1;1
deut4489;deut4490;0,83906111;0,5903376437;0,5591666667;0,4444444444;0,5740740741
deut4489;deut4493;1,15186042;0,5858477011;0,5713541667;0,4444444444;0,5555555556
deut4489;deut4494;-0,15145686;0,5910859674;0,5734375;0,3448275862;0,5172413793
deut4490;deut4486;3,01099137;0,5638769157;0,6447916667;0,5185185185;0,6481481481
deut4490;deut4487;1,04824937;0,5798611111;0,6080208333;0,3888888889;0,5740740741
deut4490;deut4488;2,94766703;0,9521072797;0,8270833333;0,6896551724;0,8620689655
deut4490;deut4490;6,5514;1;1;1;1
deut4490;deut4492;3,69631343;0,9058309387;0,8275;0,724137931;0,8793103448
deut4490;deut4493;5,27993048;0,9538433908;0,94375;0,9259259259;0,962962963
deut4490;deut4494;1,15008626;0,8189655172;0,6079166667;0,5344827586;0,7068965517
deut4490;deut4496;2,58559443;0,8687140805;0,84875;0,7321428571;0,9285714286
deut4490;deut4498;2,12944403;0,8732638889;0,8454166667;0,7586206897;0,9137931034
deut4490;deut4499;0,38175344;0,5567828065;0,5990625;0,3888888889;0,5740740741
deut4491;deut4429;0,16635687;0,5109271022;0,4771052632;0,4054054054;0,6216216216
deut4491;deut4430;0,12059409;0,332345546;0,4453125;0,4054054054;0,6216216216
deut4491;deut4486;1,61953176;0,7651760057;0,64015625;0,641025641;0,8461538462
deut4491;deut4488;3,21514533;0,6217672414;0,6138541667;0,4827586207;0,5862068966
deut4491;deut4490;1,85740906;0,6135356801;0,5948958333;0,4074074074;0,6296296296
deut4491;deut4491;6,5514;1;1;1;1
deut4491;deut4492;2,87354389;0,6322437739;0,6336458333;0,4310344828;0,5862068966
deut4491;deut4496;2,19070636;0,6278136973;0,6580208333;0,5178571429;0,6071428571
deut4491;deut4498;0,91447459;0,6157806513;0,5758333333;0,4310344828;0,5862068966
deut4491;deut4500;1,88744247;0,8732489224;0,76109375;0,487804878;0,6585365854
deut4492;deut4486;3,02292469;0,5393019636;0,5920833333;0,4655172414;0,6034482759
deut4492;deut4487;1,13481448;0,5633979885;0,5891666667;0,3793103448;0,5517241379
deut4492;deut4490;3,69631343;0,9058309387;0,8275;0,724137931;0,8793103448
deut4492;deut4491;2,87354389;0,6322437739;0,6336458333;0,4310344828;0,5862068966
deut4492;deut4492;6,5514;1;1;1;1
deut4492;deut4493;3,47384494;0,9013409962;0,816875;0,6724137931;0,8448275862
deut4492;deut4494;0,95188653;0,7724197797;0,6098958333;0,5;0,7413793103
deut4492;deut4496;2,29897723;0,8515026341;0,7997916667;0,6551724138;0,8275862069
deut4492;deut4498;2,31714936;0,8605423851;0,7690625;0,7413793103;0,8793103448
deut4492;deut4500;1,23284473;0,6285021552;0,6345833333;0,4137931034;0,6379310345
deut4493;deut4486;2,51496339;0,5504070881;0,6408333333;0,5185185185;0,6481481481
deut4493;deut4487;2,00711863;0,5783644636;0,6297916667;0,462962963;0,5925925926
deut4493;deut4488;3,24345753;0,9149305556;0,85625;0,7586206897;0,8965517241
deut4493;deut4490;5,27993048;0,9538433908;0,94375;0,9259259259;0,962962963
deut4493;deut4492;3,47384494;0,9013409962;0,816875;0,6724137931;0,8448275862
deut4493;deut4493;6,5514;1;1;1;1
deut4493;deut4494;1,63193431;0,8097162356;0,6258333333;0,6034482759;0,7413793103
deut4493;deut4496;2,85550897;0,9058908046;0,8470833333;0,6785714286;0,8928571429
deut4493;deut4498;2,09829829;0,8717672414;0,8470833333;0,775862069;0,9137931034
deut4493;deut4499;1,14498777;0,552292864;0,6039583333;0,462962963;0,5925925926
deut4494;deut4486;1,09171234;0,5272689176;0,5436458333;0,4310344828;0,6034482759
deut4494;deut4487;2,02598859;0,5861470307;0,6520833333;0,5344827586;0,6206896552
deut4494;deut4488;1,71715289;0,8220785441;0,6321875;0,6379310345;0,775862069
deut4494;deut4490;1,15008626;0,8189655172;0,6079166667;0,5344827586;0,7068965517
deut4494;deut4492;0,95188653;0,7724197797;0,6098958333;0,5;0,7413793103
deut4494;deut4493;1,63193431;0,8097162356;0,6258333333;0,6034482759;0,7413793103
deut4494;deut4494;6,5514;1;1;1;1
deut4494;deut4496;0,63827156;0,7664930556;0,6221875;0,5344827586;0,7413793103
deut4494;deut4498;1,5015655;0,8266882184;0,5733333333;0,5862068966;0,7586206897
deut4494;deut4499;1,79382262;0,563697318;0,6934375;0,5172413793;0,6034482759
deut4495;deut4424;0,65634137;0,3571055381;0,4675;0,3;0,475
deut4495;deut4438;0,41732493;0,3625891795;0,441637931;0,3846153846;0,6153846154
deut4495;deut4449;0,18416091;0,4291487069;0,4018229167;0,2;0,325
deut4495;deut4450;0,19451964;0,4231621169;0,4346875;0,2636363636;0,3636363636
deut4495;deut4467;0,08712244;0,6468809866;0,4241666667;0,4;0,5666666667
deut4495;deut4490;0,38431331;0,6655890805;0,4915625;0,3703703704;0,6111111111
deut4495;deut4491;0,46600108;0,6180120167;0,6370454545;0,45;0,725
deut4495;deut4492;0,48106002;0,6587344349;0,4938541667;0,3448275862;0,5344827586
deut4495;deut4495;6,5514;1;1;1;1
deut4495;deut4498;0,19550094;0,6492456897;0,4632291667;0,3965517241;0,6034482759
deut4496;deut4486;2,38119134;0,5250239464;0,5929166667;0,5178571429;0,6428571429
deut4496;deut4487;0,99809731;0,5971324234;0,6263541667;0,3928571429;0,5535714286
deut4496;deut4490;2,58559443;0,8687140805;0,84875;0,7321428571;0,9285714286
deut4496;deut4491;2,19070636;0,6278136973;0,6580208333;0,5178571429;0,6071428571
deut4496;deut4492;2,29897723;0,8515026341;0,7997916667;0,6551724138;0,8275862069
deut4496;deut4493;2,85550897;0,9058908046;0,8470833333;0,6785714286;0,8928571429
deut4496;deut4494;0,63827156;0,7664930556;0,6221875;0,5344827586;0,7413793103
deut4496;deut4496;6,5514;1;1;1;1
deut4496;deut4497;1,59478863;0,6076089559;0,629375;0,3928571429;0,5892857143
deut4496;deut4498;1,37817418;0,8225574713;0,7402083333;0,6206896552;0,8793103448
deut4497;deut4473;0,0964155;0,5551664272;0,5751041667;0,32;0,56
deut4497;deut4486;1,73991331;0,7529184626;0,70484375;0,5897435897;0,7692307692
deut4497;deut4487;0,90063707;0,7528286638;0,6640625;0,5;0,7105263158
deut4497;deut4491;2,10461543;0,8510686063;0,67328125;0,4736842105;0,7631578947
deut4497;deut4492;2,21626545;0,6105423851;0,6269791667;0,3793103448;0,5689655172
deut4497;deut4494;1,1082306;0,616588841;0,6672916667;0,4137931034;0,5862068966
deut4497;deut4496;1,59478863;0,6076089559;0,629375;0,3928571429;0,5892857143
deut4497;deut4497;6,5514;1;1;1;1
deut4497;deut4498;1,17322882;0,6285021552;0,6529166667;0,4482758621;0,6034482759
deut4497;deut4499;0,24347015;0,7082884339;0,71078125;0,5526315789;0,7894736842
deut4498;deut4486;2,07919258;0,5638769157;0,6135416667;0,5;0,6206896552
deut4498;deut4488;1,61549783;0,8283644636;0,7470833333;0,6551724138;0,9137931034
deut4498;deut4490;2,12944403;0,8732638889;0,8454166667;0,7586206897;0,9137931034
deut4498;deut4492;2,31714936;0,8605423851;0,7690625;0,7413793103;0,8793103448
deut4498;deut4493;2,09829829;0,8717672414;0,8470833333;0,775862069;0,9137931034
deut4498;deut4494;1,5015655;0,8266882184;0,5733333333;0,5862068966;0,7586206897
deut4498;deut4496;1,37817418;0,8225574713;0,7402083333;0,6206896552;0,8793103448
deut4498;deut4498;6,5514;1;1;1;1
deut4498;deut4499;0,52165746;0,5726173372;0,5922916667;0,4137931034;0,5689655172
deut4498;deut4500;0,81703278;0,6150323276;0,5742708333;0,3965517241;0,5862068966
deut4499;deut4486;0,55175057;0,6630298132;0,63234375;0,4358974359;0,6666666667
deut4499;deut4487;2,30406853;0,7583512931;0,7853125;0,7297297297;0,8108108108
deut4499;deut4488;1,28569623;0,5604645594;0,5923958333;0,4655172414;0,5862068966
deut4499;deut4490;0,38175344;0,5567828065;0,5990625;0,3888888889;0,5740740741
deut4499;deut4492;0,24625016;0,555286159;0,6273958333;0,3448275862;0,5517241379
deut4499;deut4493;1,14498777;0,552292864;0,6039583333;0,462962963;0,5925925926
deut4499;deut4494;1,79382262;0,563697318;0,6934375;0,5172413793;0,6034482759
deut4499;deut4496;0,32592905;0,5592672414;0,6226041667;0,375;0,5535714286
deut4499;deut4498;0,52165746;0,5726173372;0,5922916667;0,4137931034;0,5689655172
deut4499;deut4499;6,5514;1;1;1;1
deut4500;deut4487;0,57574991;0,810389727;0,64921875;0,3658536585;0,6829268293
deut4500;deut4488;1,69278681;0,5978807471;0,65;0,3965517241;0,5689655172
deut4500;deut4490;0,81293353;0,6105423851;0,6030208333;0,4074074074;0,6481481481
deut4500;deut4491;1,88744247;0,8732489224;0,76109375;0,487804878;0,6585365854
deut4500;deut4492;1,23284473;0,6285021552;0,6345833333;0,4137931034;0,6379310345
deut4500;deut4493;0,41579608;0,6112907088;0,5835416667;0,3518518519;0,6296296296
deut4500;deut4494;0,2769289;0,5873443487;0,6214583333;0,3103448276;0,5689655172
deut4500;deut4496;1,19666518;0,6113505747;0,6261458333;0,375;0,6428571429
deut4500;deut4498;0,81703278;0,6150323276;0,5742708333;0,3965517241;0,5862068966
deut4500;deut4500;6,5514;1;1;1;1
deut4501;deut4401;0,39588283;0,4750615764;0,4992857143;0,3333333333;0,431372549
deut4501;deut4407;0,01590747;0,2887306347;0,509076087;0,2637362637;0,3956043956
deut4501;deut4417;0,19937024;0,0949421123;0,2720108696;0,3257575758;0,3863636364
deut4501;deut4443;0,38331779;0,6537356322;0,599;0,2352941176;0,3921568627
deut4501;deut4445;0,0313907;0,4312910509;0,2973214286;0,3684210526;0,5263157895
deut4501;deut4481;0,0235632;0,4169779693;0,4583055556;0,2389380531;0,3362831858
deut4501;deut4484;0,7149947;0,0995297806;0,3320454545;0,3069306931;0,396039604
deut4501;deut4501;6,5514;1;1;1;1
deut4501;deut4502;1,41851644;0,2849317529;0,4822916667;0,5135135135;0,5810810811
deut4501;deut4503;2,91551396;0,6351472701;0,62515625;0,4509803922;0,4705882353
deut4502;deut4401;0,22756743;0,2455100575;0,3241666667;0,2567567568;0,3378378378
deut4502;deut4417;0,00868437;0,3340309012;0,4140398551;0,3863636364;0,4924242424
deut4502;deut4423;0,00684605;0,7469971264;0,42125;0,369047619;0,5595238095
deut4502;deut4427;0,137718;0,1932171935;0,373203125;0,3243243243;0,5405405405
deut4502;deut4442;0,14935794;0,278855364;0,3985416667;0,2567567568;0,4459459459
deut4502;deut4443;0,25480562;0,2803220785;0,4134895833;0,2702702703;0,472972973
deut4502;deut4484;0,06438514;0,3470371822;0,4959469697;0,297029703;0,4851485149
deut4502;deut4501;1,41851644;0,2849317529;0,4822916667;0,5135135135;0,5810810811
deut4502;deut4502;6,5514;1;1;1;1
deut4502;deut4503;6,31167302;0,3325850096;0,390625;0,3243243243;0,3243243243
deut4503;deut4401;0,23840397;0,5591774425;0,6178125;0,4;0,52
deut4503;deut4427;0,465618;0,3006465517;0,325625;0,2432432432;0,3243243243
deut4503;deut4442;0,31294045;0,5988685345;0,461875;0,2653061224;0,3469387755
deut4503;deut4443;0,53387844;0,5739942529;0,56046875;0,2978723404;0,3617021277
deut4503;deut4468;0,37113295;0,5881824713;0,3734375;0,2553191489;0,4042553191
deut4503;deut4476;0,85116785;0,650933908;0,632875;0,2608695652;0,4347826087
deut4503;deut4484;0,21768311;0,1190351794;0,2883333333;0,1683168317;0,2376237624
deut4503;deut4501;2,91551396;0,6351472701;0,62515625;0,4509803922;0,4705882353
deut4503;deut4502;6,31167302;0,3325850096;0,390625;0,3243243243;0,3243243243
deut4503;deut4503;6,5514;1;1;1;1
